,GEN_BUS,PG,QG,QMAX,QMIN,VG,MBASE,GEN_STATUS,PMAX,PMIN,PC1,PC2,QC1MIN,QC1MAX,QC2MIN,QC2MAX,RAMP_AGC,RAMP_10,RAMP_30,RAMP_Q,APF,MU_PMAX,MU_PMIN,MU_QMAX,MU_QMIN
1,111180,643.52,1.54,379.71,-250.07,1.0385,895.2,1,746.0,87.52,0,0,0,0,0,0,0,0,0,0,746.0,0,0,0,0
2,111181,630.21,1.54,381.24,-231.35,1.0373,898.8,1,749.0,303.73,0,0,0,0,0,0,0,0,0,0,749.0,0,0,0,0
3,111183,46.58,21.81,27.49,-15.8,1.04,64.8,1,54.0,15.73,0,0,0,0,0,0,0,0,0,0,54.0,0,0,0,0
4,111184,23.42,27.49,27.49,-18.36,1.04,64.8,1,54.0,6.3,0,0,0,0,0,0,0,0,0,0,54.0,0,0,0,0
5,111185,46.58,22.62,27.49,-16.92,1.04,64.8,1,54.0,23.18,0,0,0,0,0,0,0,0,0,0,54.0,0,0,0,0
6,111186,43.13,21.28,25.45,-14.5,1.04,60.0,1,50.0,23.19,0,0,0,0,0,0,0,0,0,0,50.0,0,0,0,0
7,111187,55.21,28.68,32.58,-17.09,1.04,76.8,1,64.0,21.89,0,0,0,0,0,0,0,0,0,0,64.0,0,0,0,0
8,111188,43.4,17.2,27.49,-18.67,1.04,64.8,1,54.0,26.28,0,0,0,0,0,0,0,0,0,0,54.0,0,0,0,0
9,111190,60.57,5.9,52.94,-32.25,1.04,124.8,1,104.0,27.6,0,0,0,0,0,0,0,0,0,0,104.0,0,0,0,0
10,111191,81.41,8.33,52.94,-33.75,1.04,124.8,1,104.0,48.44,0,0,0,0,0,0,0,0,0,0,104.0,0,0,0,0
11,111192,49.17,10.12,29.01,-16.93,1.04,68.4,1,57.0,20.52,0,0,0,0,0,0,0,0,0,0,57.0,0,0,0,0
12,111193,32.72,6.75,29.01,-15.98,1.04,68.4,1,57.0,14.65,0,0,0,0,0,0,0,0,0,0,57.0,0,0,0,0
13,111194,49.17,8.94,29.01,-16.85,1.04,68.4,1,57.0,28.41,0,0,0,0,0,0,0,0,0,0,57.0,0,0,0,0
14,111195,49.17,5.73,29.01,-16.91,1.04,68.4,1,57.0,24.09,0,0,0,0,0,0,0,0,0,0,57.0,0,0,0,0
15,111196,49.17,7.51,29.01,-15.26,1.04,68.4,1,57.0,14.15,0,0,0,0,0,0,0,0,0,0,57.0,0,0,0,0
16,111197,49.17,5.05,29.01,-18.09,1.04,68.4,1,57.0,13.05,0,0,0,0,0,0,0,0,0,0,57.0,0,0,0,0
17,111198,49.17,5.02,29.01,-17.45,1.04,68.4,1,57.0,13.03,0,0,0,0,0,0,0,0,0,0,57.0,0,0,0,0
18,111199,43.14,4.83,29.01,-18.57,1.04,68.4,1,57.0,25.07,0,0,0,0,0,0,0,0,0,0,57.0,0,0,0,0
19,111200,44.26,7.35,29.52,-15.64,1.04,69.6,1,58.0,25.87,0,0,0,0,0,0,0,0,0,0,58.0,0,0,0,0
20,111201,50.03,4.64,29.52,-14.74,1.04,69.6,1,58.0,25.9,0,0,0,0,0,0,0,0,0,0,58.0,0,0,0,0
21,111202,50.03,5.57,29.52,-16.54,1.04,69.6,1,58.0,10.82,0,0,0,0,0,0,0,0,0,0,58.0,0,0,0,0
22,111203,50.03,8.9,29.52,-15.65,1.04,69.6,1,58.0,8.97,0,0,0,0,0,0,0,0,0,0,58.0,0,0,0,0
23,111204,36.08,7.07,29.52,-16.45,1.04,69.6,1,58.0,17.69,0,0,0,0,0,0,0,0,0,0,58.0,0,0,0,0
24,111205,45.14,7.16,29.52,-19.79,1.04,69.6,1,58.0,26.75,0,0,0,0,0,0,0,0,0,0,58.0,0,0,0,0
25,111206,0.0,0.0,6.62,-3.8,1.04,15.6,0,13.0,3.03,0,0,0,0,0,0,0,0,0,0,13.0,0,0,0,0
26,111208,572.78,3.33,309.42,-167.63,1.0385,796.8,1,664.0,149.2,0,0,0,0,0,0,0,0,0,0,664.0,0,0,0,0
27,111209,571.92,3.33,308.96,-223.78,1.0385,795.6,1,663.0,76.51,0,0,0,0,0,0,0,0,0,0,663.0,0,0,0,0
28,111210,0.0,0.0,284.26,-206.12,1.04,732.0,0,610.0,224.35,0,0,0,0,0,0,0,0,0,0,610.0,0,0,0,0
29,111211,0.0,0.0,268.88,-194.27,1.04,692.4,0,577.0,183.07,0,0,0,0,0,0,0,0,0,0,577.0,0,0,0,0
30,111212,0.0,0.0,6.62,-3.76,1.04,15.6,0,13.0,1.49,0,0,0,0,0,0,0,0,0,0,13.0,0,0,0,0
31,111212,476.17,3.33,280.97,-182.79,1.038,662.4,1,552.0,165.98,0,0,0,0,0,0,0,0,0,0,552.0,0,0,0,0
32,111213,235.5,3.33,138.96,-70.38,1.0403,327.6,1,273.0,34.5,0,0,0,0,0,0,0,0,0,0,273.0,0,0,0,0
33,111214,145.78,0.45,86.02,-58.46,1.04,202.8,1,169.0,44.2,0,0,0,0,0,0,0,0,0,0,169.0,0,0,0,0
34,111215,145.78,3.33,86.02,-49.07,1.0408,202.8,1,169.0,29.81,0,0,0,0,0,0,0,0,0,0,169.0,0,0,0,0
35,111217,1104.16,65.3,471.04,-365.47,1.042,1536.0,1,1280.0,201.18,0,0,0,0,0,0,0,0,0,0,1280.0,0,0,0,0
36,111218,1104.16,65.3,471.04,-382.86,1.0413,1536.0,1,1280.0,178.29,0,0,0,0,0,0,0,0,0,0,1280.0,0,0,0,0
37,111220,60.57,13.1,41.23,-21.32,1.04,97.2,1,81.0,34.89,0,0,0,0,0,0,0,0,0,0,81.0,0,0,0,0
38,111221,69.87,14.04,41.23,-21.95,1.04,97.2,1,81.0,13.8,0,0,0,0,0,0,0,0,0,0,81.0,0,0,0,0
39,111223,0.0,0.0,15.27,-10.32,1.04,36.0,0,30.0,3.97,0,0,0,0,0,0,0,0,0,0,30.0,0,0,0,0
40,111231,64.7,20.26,38.17,-25.11,1.04,90.0,1,75.0,20.03,0,0,0,0,0,0,0,0,0,0,75.0,0,0,0,0
41,111232,31.27,19.91,38.17,-25.04,1.04,90.0,1,75.0,7.5,0,0,0,0,0,0,0,0,0,0,75.0,0,0,0,0
42,111233,64.7,13.21,38.17,-22.4,1.04,90.0,1,75.0,27.46,0,0,0,0,0,0,0,0,0,0,75.0,0,0,0,0
43,111234,43.08,18.53,38.17,-20.5,1.04,90.0,1,75.0,19.31,0,0,0,0,0,0,0,0,0,0,75.0,0,0,0,0
44,111237,30.86,19.3,21.63,-10.78,1.04,51.0,1,42.5,17.39,0,0,0,0,0,0,0,0,0,0,42.5,0,0,0,0
45,111241,0.0,0.0,14.25,-8.08,1.04,33.6,0,28.0,13.43,0,0,0,0,0,0,0,0,0,0,28.0,0,0,0,0
46,111242,0.0,0.0,14.25,-9.25,1.04,33.6,0,28.0,12.12,0,0,0,0,0,0,0,0,0,0,28.0,0,0,0,0
47,111242,0.0,0.0,9.16,-5.82,1.04,21.6,0,18.0,5.59,0,0,0,0,0,0,0,0,0,0,18.0,0,0,0,0
48,111243,0.0,0.0,9.16,-5.59,1.04,21.6,0,18.0,5.77,0,0,0,0,0,0,0,0,0,0,18.0,0,0,0,0
49,111243,0.0,0.0,9.16,-6.07,1.04,21.6,0,18.0,1.93,0,0,0,0,0,0,0,0,0,0,18.0,0,0,0,0
50,111244,0.0,0.0,9.16,-6.13,1.04,21.6,0,18.0,2.1,0,0,0,0,0,0,0,0,0,0,18.0,0,0,0,0
51,111246,112.76,71.15,71.26,-39.11,1.04,168.0,1,140.0,68.38,0,0,0,0,0,0,0,0,0,0,140.0,0,0,0,0
52,111247,77.64,43.0,45.81,-22.96,1.04,108.0,1,90.0,36.59,0,0,0,0,0,0,0,0,0,0,90.0,0,0,0,0
53,111248,0.0,0.0,16.29,-9.57,1.04,38.4,0,32.0,14.6,0,0,0,0,0,0,0,0,0,0,32.0,0,0,0,0
54,111249,0.0,0.0,16.29,-10.33,1.04,38.4,0,32.0,14.84,0,0,0,0,0,0,0,0,0,0,32.0,0,0,0,0
55,111249,0.0,0.0,16.29,-9.32,1.04,38.4,0,32.0,11.82,0,0,0,0,0,0,0,0,0,0,32.0,0,0,0,0
56,111251,56.93,14.96,33.59,-22.39,1.04,79.2,1,66.0,12.15,0,0,0,0,0,0,0,0,0,0,66.0,0,0,0,0
57,111252,41.15,15.36,33.59,-20.06,1.04,79.2,1,66.0,20.23,0,0,0,0,0,0,0,0,0,0,66.0,0,0,0,0
58,111253,38.91,14.88,31.56,-19.86,1.04,74.4,1,62.0,19.26,0,0,0,0,0,0,0,0,0,0,62.0,0,0,0,0
59,111254,59.52,13.18,35.12,-18.26,1.04,82.8,1,69.0,10.92,0,0,0,0,0,0,0,0,0,0,69.0,0,0,0,0
60,111260,47.8,35.12,35.12,-22.98,1.04,82.8,1,69.0,25.93,0,0,0,0,0,0,0,0,0,0,69.0,0,0,0,0
61,111262,0.0,0.0,13.04,-12.05,1.04,45.6,0,38.0,14.26,0,0,0,0,0,0,0,0,0,0,38.0,0,0,0,0
62,111264,0.0,0.0,17.81,-9.49,1.04,42.0,0,35.0,9.49,0,0,0,0,0,0,0,0,0,0,35.0,0,0,0,0
63,111266,20.67,10.4,16.83,-15.71,1.04,54.0,1,45.0,6.4,0,0,0,0,0,0,0,0,0,0,45.0,0,0,0,0
64,111266,25.37,10.4,14.24,-13.58,1.04,54.0,1,45.0,11.11,0,0,0,0,0,0,0,0,0,0,45.0,0,0,0,0
65,111267,64.7,32.49,38.17,-20.63,1.04,90.0,1,75.0,24.7,0,0,0,0,0,0,0,0,0,0,75.0,0,0,0,0
66,111268,60.38,23.38,35.63,-18.38,1.04,84.0,1,70.0,34.86,0,0,0,0,0,0,0,0,0,0,70.0,0,0,0,0
67,111270,96.97,55.14,61.13,-37.48,1.0565,144.12,1,120.1,58.9,0,0,0,0,0,0,0,0,0,0,120.1,0,0,0,0
68,111271,52.29,9.85,35.12,-17.45,1.04,82.8,1,69.0,30.42,0,0,0,0,0,0,0,0,0,0,69.0,0,0,0,0
69,111272,60.21,7.44,35.53,-23.45,1.04,83.76,1,69.8,32.31,0,0,0,0,0,0,0,0,0,0,69.8,0,0,0,0
70,111273,33.42,25.35,35.53,-24.08,1.04,83.76,1,69.8,11.29,0,0,0,0,0,0,0,0,0,0,69.8,0,0,0,0
71,111274,42.19,4.94,35.68,-18.43,1.04,84.12,1,70.1,19.97,0,0,0,0,0,0,0,0,0,0,70.1,0,0,0,0
72,111275,60.38,14.82,35.63,-20.08,1.04,84.0,1,70.0,8.34,0,0,0,0,0,0,0,0,0,0,70.0,0,0,0,0
73,111276,59.0,6.72,34.82,-17.9,1.04,82.08,1,68.4,21.65,0,0,0,0,0,0,0,0,0,0,68.4,0,0,0,0
74,111280,86.32,7.44,70.75,-35.41,1.04,166.8,1,139.0,42.26,0,0,0,0,0,0,0,0,0,0,139.0,0,0,0,0
75,111281,89.71,7.12,52.94,-26.52,1.04,124.8,1,104.0,37.35,0,0,0,0,0,0,0,0,0,0,104.0,0,0,0,0
76,111282,89.71,7.08,52.94,-29.59,1.04,124.8,1,104.0,32.22,0,0,0,0,0,0,0,0,0,0,104.0,0,0,0,0
77,111283,89.71,6.0,52.94,-28.22,1.04,124.8,1,104.0,13.48,0,0,0,0,0,0,0,0,0,0,104.0,0,0,0,0
78,111286,53.44,8.86,48.66,-32.33,1.04,114.72,1,95.6,23.14,0,0,0,0,0,0,0,0,0,0,95.6,0,0,0,0
79,111287,63.17,5.02,48.66,-24.43,1.04,114.72,1,95.6,32.87,0,0,0,0,0,0,0,0,0,0,95.6,0,0,0,0
80,111288,82.12,4.49,48.46,-26.93,1.04,114.24,1,95.2,46.3,0,0,0,0,0,0,0,0,0,0,95.2,0,0,0,0
81,111289,48.08,4.69,34.76,-19.32,1.04,81.96,1,68.3,26.43,0,0,0,0,0,0,0,0,0,0,68.3,0,0,0,0
82,111290,55.01,4.18,34.76,-18.6,1.04,81.96,1,68.3,33.36,0,0,0,0,0,0,0,0,0,0,68.3,0,0,0,0
83,111291,0.0,0.0,17.81,-10.98,1.04,42.0,0,35.0,15.74,0,0,0,0,0,0,0,0,0,0,35.0,0,0,0,0
84,111292,51.07,7.14,30.13,-19.35,1.04,71.04,1,59.2,24.7,0,0,0,0,0,0,0,0,0,0,59.2,0,0,0,0
85,111295,59.52,18.58,35.12,-18.16,1.04,82.8,1,69.0,16.48,0,0,0,0,0,0,0,0,0,0,69.0,0,0,0,0
86,111296,59.52,7.52,35.12,-21.25,1.04,82.8,1,69.0,22.97,0,0,0,0,0,0,0,0,0,0,69.0,0,0,0,0
87,111297,0.0,0.0,17.31,-9.12,1.04,40.8,0,34.0,5.19,0,0,0,0,0,0,0,0,0,0,34.0,0,0,0,0
88,111301,79.64,9.41,81.44,-54.23,1.04,192.0,1,160.0,28.92,0,0,0,0,0,0,0,0,0,0,160.0,0,0,0,0
89,111302,62.97,6.35,37.16,-21.88,1.04,87.6,1,73.0,30.33,0,0,0,0,0,0,0,0,0,0,73.0,0,0,0,0
90,111303,43.91,7.0,37.16,-24.81,1.04,87.6,1,73.0,20.77,0,0,0,0,0,0,0,0,0,0,73.0,0,0,0,0
91,111304,62.97,5.67,37.16,-21.09,1.04,87.6,1,73.0,24.52,0,0,0,0,0,0,0,0,0,0,73.0,0,0,0,0
92,111306,60.88,0.99,55.48,-36.09,1.04,130.8,1,109.0,26.33,0,0,0,0,0,0,0,0,0,0,109.0,0,0,0,0
93,111307,94.03,55.48,55.48,-30.52,1.0569,130.8,1,109.0,27.46,0,0,0,0,0,0,0,0,0,0,109.0,0,0,0,0
94,111308,81.45,1.46,55.48,-34.66,1.04,130.8,1,109.0,46.9,0,0,0,0,0,0,0,0,0,0,109.0,0,0,0,0
95,111309,94.03,1.39,55.48,-37.92,1.04,130.8,1,109.0,47.78,0,0,0,0,0,0,0,0,0,0,109.0,0,0,0,0
96,111312,69.13,19.89,83.99,-47.1,1.04,198.0,1,165.0,16.83,0,0,0,0,0,0,0,0,0,0,165.0,0,0,0,0
97,111313,142.33,-6.92,83.99,-51.29,1.0352,198.0,1,165.0,49.54,0,0,0,0,0,0,0,0,0,0,165.0,0,0,0,0
98,111314,142.33,-6.92,83.99,-53.86,1.0338,198.0,1,165.0,71.73,0,0,0,0,0,0,0,0,0,0,165.0,0,0,0,0
99,111315,142.33,-6.92,83.99,-47.67,1.036,198.0,1,165.0,58.52,0,0,0,0,0,0,0,0,0,0,165.0,0,0,0,0
100,111316,51.76,7.14,30.54,-16.52,1.04,72.0,1,60.0,8.55,0,0,0,0,0,0,0,0,0,0,60.0,0,0,0,0
101,111318,89.29,9.48,82.46,-48.35,1.04,194.4,1,162.0,37.94,0,0,0,0,0,0,0,0,0,0,162.0,0,0,0,0
102,111319,139.75,-31.65,82.46,-46.29,1.0282,194.4,1,162.0,69.97,0,0,0,0,0,0,0,0,0,0,162.0,0,0,0,0
103,111320,140.61,12.26,82.97,-54.72,1.04,195.6,1,163.0,59.93,0,0,0,0,0,0,0,0,0,0,163.0,0,0,0,0
104,111321,93.38,14.25,81.95,-42.94,1.04,193.2,1,161.0,42.35,0,0,0,0,0,0,0,0,0,0,161.0,0,0,0,0
105,111322,117.32,8.44,69.22,-34.05,1.04,163.2,1,136.0,63.29,0,0,0,0,0,0,0,0,0,0,136.0,0,0,0,0
106,111324,150.56,109.43,109.43,-65.43,1.0598,258.0,1,215.0,82.41,0,0,0,0,0,0,0,0,0,0,215.0,0,0,0,0
107,111325,159.59,6.73,94.16,-54.86,1.04,222.0,1,185.0,90.78,0,0,0,0,0,0,0,0,0,0,185.0,0,0,0,0
108,111326,159.59,5.88,94.16,-53.28,1.04,222.0,1,185.0,44.07,0,0,0,0,0,0,0,0,0,0,185.0,0,0,0,0
109,111327,157.86,5.59,93.15,-46.34,1.04,219.6,1,183.0,66.98,0,0,0,0,0,0,0,0,0,0,183.0,0,0,0,0
110,111329,0.0,0.0,5.48,-4.02,1.04,14.04,0,11.7,5.26,0,0,0,0,0,0,0,0,0,0,11.7,0,0,0,0
111,111330,64.7,21.75,38.17,-21.38,1.04,90.0,1,75.0,9.54,0,0,0,0,0,0,0,0,0,0,75.0,0,0,0,0
112,111333,110.38,-0.43,139.97,-95.08,1.04,330.0,1,275.0,110.38,0,0,0,0,0,0,0,0,0,0,275.0,0,0,0,0
113,111334,150.96,0.26,89.07,-45.43,1.04,210.0,1,175.0,74.33,0,0,0,0,0,0,0,0,0,0,175.0,0,0,0,0
114,111335,0.0,0.0,89.07,-56.3,1.04,210.0,0,175.0,77.27,0,0,0,0,0,0,0,0,0,0,175.0,0,0,0,0
115,111336,121.52,0.46,89.07,-50.6,1.04,210.0,1,175.0,38.81,0,0,0,0,0,0,0,0,0,0,175.0,0,0,0,0
116,111339,166.49,57.01,98.24,-62.61,1.0521,231.6,1,193.0,95.32,0,0,0,0,0,0,0,0,0,0,193.0,0,0,0,0
117,111340,123.45,3.44,84.49,-50.27,1.04,199.2,1,166.0,37.65,0,0,0,0,0,0,0,0,0,0,166.0,0,0,0,0
118,111341,143.2,57.01,84.49,-54.88,1.053,199.2,1,166.0,44.21,0,0,0,0,0,0,0,0,0,0,166.0,0,0,0,0
119,111343,32.78,9.43,19.34,-11.83,1.04,45.6,1,38.0,10.31,0,0,0,0,0,0,0,0,0,0,38.0,0,0,0,0
120,111344,32.78,6.17,19.34,-10.22,1.04,45.6,1,38.0,18.13,0,0,0,0,0,0,0,0,0,0,38.0,0,0,0,0
121,111344,17.12,6.17,19.34,-10.69,1.04,45.6,1,38.0,5.07,0,0,0,0,0,0,0,0,0,0,38.0,0,0,0,0
122,111345,32.78,19.34,19.34,-10.52,1.04,45.6,1,38.0,6.14,0,0,0,0,0,0,0,0,0,0,38.0,0,0,0,0
123,111347,126.9,48.64,143.54,-92.95,1.0522,338.4,1,282.0,37.51,0,0,0,0,0,0,0,0,0,0,282.0,0,0,0,0
124,111348,77.92,7.12,86.43,-52.35,1.04,203.76,1,169.8,24.1,0,0,0,0,0,0,0,0,0,0,169.8,0,0,0,0
125,111349,74.45,10.24,86.43,-49.18,1.04,203.76,1,169.8,20.63,0,0,0,0,0,0,0,0,0,0,169.8,0,0,0,0
126,111350,89.28,8.69,86.43,-44.44,1.04,203.76,1,169.8,35.46,0,0,0,0,0,0,0,0,0,0,169.8,0,0,0,0
127,111351,146.47,12.87,86.43,-47.08,1.04,203.76,1,169.8,32.88,0,0,0,0,0,0,0,0,0,0,169.8,0,0,0,0
128,111352,115.44,48.64,78.79,-53.15,1.0573,185.76,1,154.8,66.37,0,0,0,0,0,0,0,0,0,0,154.8,0,0,0,0
129,111354,64.7,11.0,38.17,-20.54,1.04,90.0,1,75.0,9.55,0,0,0,0,0,0,0,0,0,0,75.0,0,0,0,0
130,111355,89.14,7.81,80.42,-43.08,1.04,189.6,1,158.0,39.06,0,0,0,0,0,0,0,0,0,0,158.0,0,0,0,0
131,111356,94.31,80.42,80.42,-51.16,1.0595,189.6,1,158.0,44.23,0,0,0,0,0,0,0,0,0,0,158.0,0,0,0,0
132,111357,71.4,13.06,80.42,-45.23,1.04,189.6,1,158.0,21.32,0,0,0,0,0,0,0,0,0,0,158.0,0,0,0,0
133,111358,56.63,8.17,38.17,-19.95,1.04,90.0,1,75.0,32.86,0,0,0,0,0,0,0,0,0,0,75.0,0,0,0,0
134,111360,90.05,61.08,86.22,-56.22,1.0629,203.28,1,169.4,36.35,0,0,0,0,0,0,0,0,0,0,169.4,0,0,0,0
135,111361,43.13,9.96,25.45,-16.43,1.04,60.0,1,50.0,22.87,0,0,0,0,0,0,0,0,0,0,50.0,0,0,0,0
136,111364,84.54,-0.12,49.88,-32.77,1.04,117.6,1,98.0,44.23,0,0,0,0,0,0,0,0,0,0,98.0,0,0,0,0
137,111365,84.54,-0.05,49.88,-24.97,1.04,117.6,1,98.0,33.19,0,0,0,0,0,0,0,0,0,0,98.0,0,0,0,0
138,111366,62.11,-0.03,36.65,-24.55,1.04,86.4,1,72.0,8.33,0,0,0,0,0,0,0,0,0,0,72.0,0,0,0,0
139,111367,62.11,-0.07,36.65,-22.87,1.04,86.4,1,72.0,25.74,0,0,0,0,0,0,0,0,0,0,72.0,0,0,0,0
140,111368,62.11,-0.03,36.65,-18.19,1.04,86.4,1,72.0,13.5,0,0,0,0,0,0,0,0,0,0,72.0,0,0,0,0
141,111369,32.95,-0.09,36.65,-20.12,1.04,86.4,1,72.0,10.13,0,0,0,0,0,0,0,0,0,0,72.0,0,0,0,0
142,111372,148.37,85.65,87.55,-59.49,1.0577,206.4,1,172.0,74.41,0,0,0,0,0,0,0,0,0,0,172.0,0,0,0,0
143,111373,142.33,-0.24,83.99,-46.18,1.04,198.0,1,165.0,22.41,0,0,0,0,0,0,0,0,0,0,165.0,0,0,0,0
144,111374,119.1,-0.89,83.99,-56.58,1.04,198.0,1,165.0,66.8,0,0,0,0,0,0,0,0,0,0,165.0,0,0,0,0
145,111376,0.0,0.0,6.26,-4.3,1.04,14.76,0,12.3,2.28,0,0,0,0,0,0,0,0,0,0,12.3,0,0,0,0
146,111378,41.41,24.43,24.43,-15.32,1.04,57.6,1,48.0,6.91,0,0,0,0,0,0,0,0,0,0,48.0,0,0,0,0
147,111382,63.83,37.67,37.67,-25.1,1.04,88.8,1,74.0,12.81,0,0,0,0,0,0,0,0,0,0,74.0,0,0,0,0
148,111384,0.0,0.0,6.81,-4.78,1.04,16.8,0,14.0,4.91,0,0,0,0,0,0,0,0,0,0,14.0,0,0,0,0
149,111386,54.82,35.63,35.63,-18.52,1.04,84.0,1,70.0,32.63,0,0,0,0,0,0,0,0,0,0,70.0,0,0,0,0
150,111390,407.59,14.18,240.5,-150.94,1.0408,567.0,1,472.5,220.95,0,0,0,0,0,0,0,0,0,0,472.5,0,0,0,0
151,111391,156.62,14.18,168.94,-87.16,1.044,398.28,1,331.9,51.41,0,0,0,0,0,0,0,0,0,0,331.9,0,0,0,0
152,111392,289.24,14.18,170.67,-111.17,1.0421,402.36,1,335.3,156.21,0,0,0,0,0,0,0,0,0,0,335.3,0,0,0,0
153,111395,24.4,4.25,27.49,-14.83,1.04,64.8,1,54.0,7.28,0,0,0,0,0,0,0,0,0,0,54.0,0,0,0,0
154,111396,46.58,6.88,27.49,-17.42,1.04,64.8,1,54.0,10.18,0,0,0,0,0,0,0,0,0,0,54.0,0,0,0,0
155,111397,46.58,6.6,27.49,-13.9,1.04,64.8,1,54.0,19.57,0,0,0,0,0,0,0,0,0,0,54.0,0,0,0,0
156,111398,46.58,3.9,27.49,-16.97,1.04,64.8,1,54.0,24.34,0,0,0,0,0,0,0,0,0,0,54.0,0,0,0,0
157,111399,32.11,8.86,27.49,-14.33,1.04,64.8,1,54.0,14.99,0,0,0,0,0,0,0,0,0,0,54.0,0,0,0,0
158,111400,46.58,8.37,27.49,-15.98,1.04,64.8,1,54.0,18.36,0,0,0,0,0,0,0,0,0,0,54.0,0,0,0,0
159,111402,38.82,22.9,22.9,-14.15,1.04,54.0,1,45.0,13.77,0,0,0,0,0,0,0,0,0,0,45.0,0,0,0,0
160,111402,38.82,22.9,22.9,-13.82,1.04,54.0,1,45.0,10.04,0,0,0,0,0,0,0,0,0,0,45.0,0,0,0,0
161,111404,100.93,49.09,59.55,-31.47,1.0395,140.4,1,117.0,41.9,0,0,0,0,0,0,0,0,0,0,117.0,0,0,0,0
162,111408,0.0,0.0,3.25,-2.79,1.04,12.0,0,10.0,0.0,0,0,0,0,0,0,0,0,0,0,10.0,0,0,0,0
163,111410,0.0,0.0,4.49,-2.98,1.04,12.0,0,10.0,0.0,0,0,0,0,0,0,0,0,0,0,10.0,0,0,0,0
164,111412,0.0,0.0,3.76,-2.9,1.04,12.0,0,10.0,0.0,0,0,0,0,0,0,0,0,0,0,10.0,0,0,0,0
165,120434,19.18,9.19,23.41,-12.55,1.04,55.2,1,46.0,4.6,0,0,0,0,0,0,0,0,0,0,46.0,0,0,0,0
166,120434,21.92,9.19,23.41,-14.08,1.04,55.2,1,46.0,7.34,0,0,0,0,0,0,0,0,0,0,46.0,0,0,0,0
167,120435,0.0,0.0,23.41,-12.34,1.04,55.2,0,46.0,9.75,0,0,0,0,0,0,0,0,0,0,46.0,0,0,0,0
168,120436,39.68,21.69,23.41,-12.46,1.04,55.2,1,46.0,7.55,0,0,0,0,0,0,0,0,0,0,46.0,0,0,0,0
169,120438,317.64,22.21,213.78,-117.09,1.0439,504.0,1,420.0,184.51,0,0,0,0,0,0,0,0,0,0,420.0,0,0,0,0
170,120439,353.68,22.21,208.69,-111.76,1.0431,492.0,1,410.0,112.96,0,0,0,0,0,0,0,0,0,0,410.0,0,0,0,0
171,120442,27.36,-0.35,24.43,-12.72,1.04,57.6,1,48.0,12.14,0,0,0,0,0,0,0,0,0,0,48.0,0,0,0,0
172,120442,29.11,-0.35,24.43,-13.25,1.04,57.6,1,48.0,13.89,0,0,0,0,0,0,0,0,0,0,48.0,0,0,0,0
173,120443,41.41,-0.16,24.43,-13.12,1.04,57.6,1,48.0,17.18,0,0,0,0,0,0,0,0,0,0,48.0,0,0,0,0
174,120443,40.54,-0.16,23.92,-14.97,1.04,56.4,1,47.0,17.96,0,0,0,0,0,0,0,0,0,0,47.0,0,0,0,0
175,120444,258.86,-30.92,209.71,-105.73,1.032,494.4,1,412.0,57.33,0,0,0,0,0,0,0,0,0,0,412.0,0,0,0,0
176,120445,156.57,-0.28,117.07,-74.42,1.04,276.0,1,230.0,83.66,0,0,0,0,0,0,0,0,0,0,230.0,0,0,0,0
177,120446,117.6,-30.92,110.45,-55.78,1.0333,260.4,1,217.0,48.81,0,0,0,0,0,0,0,0,0,0,217.0,0,0,0,0
178,120449,7.25,0.03,4.28,-2.89,1.04,10.08,1,8.4,2.73,0,0,0,0,0,0,0,0,0,0,8.4,0,0,0,0
179,120449,6.64,0.03,4.28,-2.86,1.04,10.08,1,8.4,3.98,0,0,0,0,0,0,0,0,0,0,8.4,0,0,0,0
180,120450,6.29,-2.26,4.28,-2.65,1.04,10.08,1,8.4,3.63,0,0,0,0,0,0,0,0,0,0,8.4,0,0,0,0
181,120450,7.25,-2.26,4.28,-2.58,1.04,10.08,1,8.4,4.14,0,0,0,0,0,0,0,0,0,0,8.4,0,0,0,0
182,120451,0.0,0.0,4.28,-2.18,1.04,10.08,0,8.4,3.44,0,0,0,0,0,0,0,0,0,0,8.4,0,0,0,0
183,120451,7.25,0.3,4.28,-2.88,1.04,10.08,1,8.4,1.32,0,0,0,0,0,0,0,0,0,0,8.4,0,0,0,0
184,120452,7.25,0.14,4.28,-2.72,1.04,10.08,1,8.4,2.6,0,0,0,0,0,0,0,0,0,0,8.4,0,0,0,0
185,120452,0.0,0.0,4.28,-2.86,1.04,10.08,0,8.4,2.89,0,0,0,0,0,0,0,0,0,0,8.4,0,0,0,0
186,120453,7.25,0.23,4.28,-2.31,1.04,10.08,1,8.4,3.04,0,0,0,0,0,0,0,0,0,0,8.4,0,0,0,0
187,120454,7.25,-2.26,4.28,-2.26,1.04,10.08,1,8.4,2.48,0,0,0,0,0,0,0,0,0,0,8.4,0,0,0,0
188,120454,7.25,-2.47,4.28,-2.47,1.04,10.08,1,8.4,1.26,0,0,0,0,0,0,0,0,0,0,8.4,0,0,0,0
189,120455,4.85,0.09,4.28,-2.57,1.04,10.08,1,8.4,2.19,0,0,0,0,0,0,0,0,0,0,8.4,0,0,0,0
190,120455,7.25,0.09,4.28,-2.7,1.04,10.08,1,8.4,4.13,0,0,0,0,0,0,0,0,0,0,8.4,0,0,0,0
191,120456,7.25,-2.88,4.28,-2.88,1.04,10.08,1,8.4,1.47,0,0,0,0,0,0,0,0,0,0,8.4,0,0,0,0
192,120456,6.02,-2.45,4.28,-2.45,1.04,10.08,1,8.4,3.36,0,0,0,0,0,0,0,0,0,0,8.4,0,0,0,0
193,120457,7.25,0.12,4.28,-2.1,1.04,10.08,1,8.4,1.35,0,0,0,0,0,0,0,0,0,0,8.4,0,0,0,0
194,120457,7.25,0.12,4.28,-2.31,1.04,10.08,1,8.4,2.04,0,0,0,0,0,0,0,0,0,0,8.4,0,0,0,0
195,120458,7.25,-1.86,4.28,-2.41,1.04,10.08,1,8.4,3.46,0,0,0,0,0,0,0,0,0,0,8.4,0,0,0,0
196,120458,4.0,-1.86,4.28,-2.84,1.04,10.08,1,8.4,1.34,0,0,0,0,0,0,0,0,0,0,8.4,0,0,0,0
197,120459,4.37,-2.32,4.28,-2.32,1.04,10.08,1,8.4,1.71,0,0,0,0,0,0,0,0,0,0,8.4,0,0,0,0
198,120459,5.94,-2.52,4.28,-2.52,1.04,10.08,1,8.4,3.28,0,0,0,0,0,0,0,0,0,0,8.4,0,0,0,0
199,120460,6.78,0.05,4.28,-2.85,1.04,10.08,1,8.4,4.12,0,0,0,0,0,0,0,0,0,0,8.4,0,0,0,0
200,120460,5.39,0.05,4.28,-2.13,1.04,10.08,1,8.4,2.73,0,0,0,0,0,0,0,0,0,0,8.4,0,0,0,0
201,120461,3.68,-2.16,4.28,-2.16,1.04,10.08,1,8.4,1.02,0,0,0,0,0,0,0,0,0,0,8.4,0,0,0,0
202,120463,362.3,22.21,195.72,-105.54,1.0428,504.0,1,420.0,108.51,0,0,0,0,0,0,0,0,0,0,420.0,0,0,0,0
203,120464,0.0,0.0,195.72,-110.87,1.04,504.0,0,420.0,201.97,0,0,0,0,0,0,0,0,0,0,420.0,0,0,0,0
204,120467,337.29,-63.48,182.21,-111.75,1.0374,469.2,1,391.0,136.06,0,0,0,0,0,0,0,0,0,0,391.0,0,0,0,0
205,120469,677.16,-9.12,365.81,-198.8,1.0374,942.0,1,785.0,205.15,0,0,0,0,0,0,0,0,0,0,785.0,0,0,0,0
206,120470,483.07,-9.12,260.96,-179.17,1.0394,672.0,1,560.0,237.11,0,0,0,0,0,0,0,0,0,0,560.0,0,0,0,0
207,120472,163.9,-1.93,96.71,-57.49,1.04,228.0,1,190.0,83.8,0,0,0,0,0,0,0,0,0,0,190.0,0,0,0,0
208,120473,135.98,-30.92,83.48,-51.26,1.0315,196.8,1,164.0,30.66,0,0,0,0,0,0,0,0,0,0,164.0,0,0,0,0
209,120474,141.47,-1.77,83.48,-46.84,1.04,196.8,1,164.0,75.59,0,0,0,0,0,0,0,0,0,0,164.0,0,0,0,0
210,120490,11.65,6.24,6.24,-4.6,1.04,16.2,1,13.5,0.0,0,0,0,0,0,0,0,0,0,0,13.5,0,0,0,0
211,120493,86.09,-28.31,46.15,-34.84,1.04,119.76,1,99.8,0.0,0,0,0,0,0,0,0,0,0,0,99.8,0,0,0,0
212,120498,8.54,3.33,3.33,-2.48,1.04,11.88,1,9.9,0.0,0,0,0,0,0,0,0,0,0,0,9.9,0,0,0,0
213,120500,8.54,3.5,3.5,-3.24,1.04,11.88,1,9.9,0.0,0,0,0,0,0,0,0,0,0,0,9.9,0,0,0,0
214,120503,35.11,16.83,17.1,-10.34,1.04,48.84,1,40.7,0.0,0,0,0,0,0,0,0,0,0,0,40.7,0,0,0,0
215,120507,34.16,-11.44,18.04,-11.73,1.04,47.52,1,39.6,0.0,0,0,0,0,0,0,0,0,0,0,39.6,0,0,0,0
216,120512,86.26,-10.1,37.78,-25.81,1.04,120.0,1,100.0,0.0,0,0,0,0,0,0,0,0,0,0,100.0,0,0,0,0
217,120524,4.56,3.37,3.37,-3.09,1.04,12.0,1,10.0,1.39,0,0,0,0,0,0,0,0,0,0,10.0,0,0,0,0
218,130351,448.84,2.46,289.11,-145.64,1.0294,681.6,1,568.0,61.95,0,0,0,0,0,0,0,0,0,0,568.0,0,0,0,0
219,130352,58.12,22.05,60.06,-30.44,1.04,141.6,1,118.0,20.72,0,0,0,0,0,0,0,0,0,0,118.0,0,0,0,0
220,130353,105.24,27.49,62.1,-34.94,1.04,146.4,1,122.0,26.64,0,0,0,0,0,0,0,0,0,0,122.0,0,0,0,0
221,130355,0.0,0.0,124.76,-79.75,1.037,294.12,0,245.1,39.1,0,0,0,0,0,0,0,0,0,0,245.1,0,0,0,0
222,130356,98.68,8.92,58.23,-34.17,1.04,137.28,1,114.4,52.69,0,0,0,0,0,0,0,0,0,0,114.4,0,0,0,0
223,130359,312.98,-39.24,207.67,-122.73,1.0353,489.6,1,408.0,183.65,0,0,0,0,0,0,0,0,0,0,408.0,0,0,0,0
224,130360,351.95,-39.24,207.67,-115.16,1.0358,489.6,1,408.0,101.43,0,0,0,0,0,0,0,0,0,0,408.0,0,0,0,0
225,130361,77.69,-0.59,85.0,-51.81,1.04,200.4,1,167.0,24.75,0,0,0,0,0,0,0,0,0,0,167.0,0,0,0,0
226,130362,137.16,0.17,80.93,-41.24,1.04,190.8,1,159.0,52.33,0,0,0,0,0,0,0,0,0,0,159.0,0,0,0,0
227,130363,137.16,-1.19,80.93,-49.81,1.04,190.8,1,159.0,45.96,0,0,0,0,0,0,0,0,0,0,159.0,0,0,0,0
228,130364,125.69,-0.44,85.0,-52.72,1.04,200.4,1,167.0,72.75,0,0,0,0,0,0,0,0,0,0,167.0,0,0,0,0
229,130365,137.16,-0.46,80.93,-40.36,1.04,190.8,1,159.0,47.33,0,0,0,0,0,0,0,0,0,0,159.0,0,0,0,0
230,130366,119.47,-39.24,80.93,-43.59,1.0307,190.8,1,159.0,69.07,0,0,0,0,0,0,0,0,0,0,159.0,0,0,0,0
231,140304,44.86,-0.48,26.47,-16.14,1.04,62.4,1,52.0,15.03,0,0,0,0,0,0,0,0,0,0,52.0,0,0,0,0
232,140305,39.13,-0.28,26.47,-13.53,1.04,62.4,1,52.0,22.65,0,0,0,0,0,0,0,0,0,0,52.0,0,0,0,0
233,140306,31.96,-0.38,26.47,-16.68,1.04,62.4,1,52.0,15.48,0,0,0,0,0,0,0,0,0,0,52.0,0,0,0,0
234,140307,44.86,-0.4,26.47,-15.01,1.04,62.4,1,52.0,22.59,0,0,0,0,0,0,0,0,0,0,52.0,0,0,0,0
235,140308,230.88,-78.74,205.64,-101.29,1.0257,484.8,1,404.0,102.82,0,0,0,0,0,0,0,0,0,0,404.0,0,0,0,0
236,140309,181.47,-78.74,162.88,-94.98,1.0195,384.0,1,320.0,80.03,0,0,0,0,0,0,0,0,0,0,320.0,0,0,0,0
237,140311,7.07,3.15,3.15,-2.62,1.04,9.84,1,8.2,3.96,0,0,0,0,0,0,0,0,0,0,8.2,0,0,0,0
238,140311,7.59,3.38,3.38,-2.34,1.04,10.56,1,8.8,2.52,0,0,0,0,0,0,0,0,0,0,8.8,0,0,0,0
239,140313,23.29,4.57,10.37,-9.03,1.04,32.4,1,27.0,5.0,0,0,0,0,0,0,0,0,0,0,27.0,0,0,0,0
240,140314,23.29,4.57,10.37,-8.51,1.04,32.4,1,27.0,3.61,0,0,0,0,0,0,0,0,0,0,27.0,0,0,0,0
241,140320,17.08,1.44,7.6,-6.23,1.04,23.76,1,19.8,3.25,0,0,0,0,0,0,0,0,0,0,19.8,0,0,0,0
242,140321,17.08,1.44,7.6,-5.86,1.04,23.76,1,19.8,9.12,0,0,0,0,0,0,0,0,0,0,19.8,0,0,0,0
243,140327,31.05,4.17,13.82,-12.06,1.04,43.2,1,36.0,10.71,0,0,0,0,0,0,0,0,0,0,36.0,0,0,0,0
244,140328,31.05,2.25,13.82,-11.61,1.04,43.2,1,36.0,6.42,0,0,0,0,0,0,0,0,0,0,36.0,0,0,0,0
245,140328,31.05,2.25,13.82,-11.08,1.04,43.2,1,36.0,13.5,0,0,0,0,0,0,0,0,0,0,36.0,0,0,0,0
246,140331,0.0,0.0,170.52,-97.98,1.039,402.0,0,335.0,141.54,0,0,0,0,0,0,0,0,0,0,335.0,0,0,0,0
247,140332,117.32,3.23,69.22,-34.67,1.04,163.2,1,136.0,66.98,0,0,0,0,0,0,0,0,0,0,136.0,0,0,0,0
248,140333,117.32,3.1,69.22,-37.07,1.04,163.2,1,136.0,17.25,0,0,0,0,0,0,0,0,0,0,136.0,0,0,0,0
249,140335,155.27,11.84,91.62,-61.19,1.04,216.0,1,180.0,25.92,0,0,0,0,0,0,0,0,0,0,180.0,0,0,0,0
250,140336,107.27,-26.7,85.51,-46.5,1.0333,201.6,1,168.0,54.02,0,0,0,0,0,0,0,0,0,0,168.0,0,0,0,0
251,140337,71.33,-26.7,85.51,-46.27,1.0313,201.6,1,168.0,18.08,0,0,0,0,0,0,0,0,0,0,168.0,0,0,0,0
252,140339,138.88,-1.93,81.95,-53.88,1.04,193.2,1,161.0,72.34,0,0,0,0,0,0,0,0,0,0,161.0,0,0,0,0
253,140340,130.26,-2.72,76.86,-46.42,1.04,181.2,1,151.0,54.56,0,0,0,0,0,0,0,0,0,0,151.0,0,0,0,0
254,140341,40.8,-0.66,24.08,-11.86,1.04,56.76,1,47.3,14.72,0,0,0,0,0,0,0,0,0,0,47.3,0,0,0,0
255,140341,40.8,-0.66,24.08,-15.48,1.04,56.76,1,47.3,20.33,0,0,0,0,0,0,0,0,0,0,47.3,0,0,0,0
256,140342,40.8,-0.91,24.08,-12.64,1.04,56.76,1,47.3,6.4,0,0,0,0,0,0,0,0,0,0,47.3,0,0,0,0
257,140342,40.8,-0.91,24.08,-15.14,1.04,56.76,1,47.3,8.21,0,0,0,0,0,0,0,0,0,0,47.3,0,0,0,0
258,140343,40.8,-1.62,24.08,-14.36,1.04,56.76,1,47.3,21.59,0,0,0,0,0,0,0,0,0,0,47.3,0,0,0,0
259,140343,23.29,-1.62,24.08,-13.54,1.04,56.76,1,47.3,8.3,0,0,0,0,0,0,0,0,0,0,47.3,0,0,0,0
260,140350,30.01,23.67,23.67,-12.33,1.04,55.8,1,46.5,15.27,0,0,0,0,0,0,0,0,0,0,46.5,0,0,0,0
261,140350,28.47,16.8,16.8,-11.45,1.04,39.6,1,33.0,5.05,0,0,0,0,0,0,0,0,0,0,33.0,0,0,0,0
262,140351,23.81,14.05,14.05,-7.54,1.04,33.12,1,27.6,11.36,0,0,0,0,0,0,0,0,0,0,27.6,0,0,0,0
263,140351,12.42,13.28,13.28,-8.94,1.04,31.32,1,26.1,4.15,0,0,0,0,0,0,0,0,0,0,26.1,0,0,0,0
264,140357,148.37,-16.7,87.55,-50.96,1.0347,206.4,1,172.0,84.98,0,0,0,0,0,0,0,0,0,0,172.0,0,0,0,0
265,140358,120.49,-16.7,86.02,-59.0,1.036,202.8,1,169.0,66.92,0,0,0,0,0,0,0,0,0,0,169.0,0,0,0,0
266,140359,145.78,3.57,86.02,-48.29,1.04,202.8,1,169.0,83.87,0,0,0,0,0,0,0,0,0,0,169.0,0,0,0,0
267,140361,99.39,-9.45,115.54,-60.32,1.04,272.4,1,227.0,27.43,0,0,0,0,0,0,0,0,0,0,227.0,0,0,0,0
268,140362,128.53,-2.61,75.84,-39.74,1.04,178.8,1,149.0,38.5,0,0,0,0,0,0,0,0,0,0,149.0,0,0,0,0
269,140363,128.53,-2.68,75.84,-38.09,1.04,178.8,1,149.0,71.65,0,0,0,0,0,0,0,0,0,0,149.0,0,0,0,0
270,140374,37.96,4.97,22.4,-11.92,1.04,52.8,1,44.0,17.07,0,0,0,0,0,0,0,0,0,0,44.0,0,0,0,0
271,140374,37.96,4.97,22.4,-13.44,1.04,52.8,1,44.0,15.94,0,0,0,0,0,0,0,0,0,0,44.0,0,0,0,0
272,140375,34.22,3.1,22.4,-12.74,1.04,52.8,1,44.0,20.27,0,0,0,0,0,0,0,0,0,0,44.0,0,0,0,0
273,140375,37.96,3.1,22.4,-13.02,1.04,52.8,1,44.0,12.07,0,0,0,0,0,0,0,0,0,0,44.0,0,0,0,0
274,140377,25.88,12.68,12.68,-8.52,1.04,36.0,1,30.0,0.0,0,0,0,0,0,0,0,0,0,0,30.0,0,0,0,0
275,150428,257.66,-99.95,198.51,-99.95,1.016,468.0,1,390.0,134.04,0,0,0,0,0,0,0,0,0,0,390.0,0,0,0,0
276,150429,171.61,-61.99,119.11,-61.99,1.0151,280.8,1,234.0,97.44,0,0,0,0,0,0,0,0,0,0,234.0,0,0,0,0
277,150431,375.24,-78.9,221.41,-138.49,1.0221,522.0,1,435.0,110.02,0,0,0,0,0,0,0,0,0,0,435.0,0,0,0,0
278,150432,0.0,0.0,221.41,-135.53,1.04,522.0,0,435.0,65.72,0,0,0,0,0,0,0,0,0,0,435.0,0,0,0,0
279,150433,340.74,-78.9,201.06,-115.51,1.0217,474.0,1,395.0,141.35,0,0,0,0,0,0,0,0,0,0,395.0,0,0,0,0
280,150435,73.79,-3.33,52.94,-32.53,1.04,124.8,1,104.0,40.82,0,0,0,0,0,0,0,0,0,0,104.0,0,0,0,0
281,150436,89.71,-2.67,52.94,-31.11,1.04,124.8,1,104.0,22.69,0,0,0,0,0,0,0,0,0,0,104.0,0,0,0,0
282,150437,172.52,-55.53,101.8,-55.53,1.0267,240.0,1,200.0,90.83,0,0,0,0,0,0,0,0,0,0,200.0,0,0,0,0
283,150438,0.0,0.0,50.9,-31.88,1.04,120.0,0,100.0,26.66,0,0,0,0,0,0,0,0,0,0,100.0,0,0,0,0
284,150439,29.84,-4.2,33.59,-19.48,1.04,79.2,1,66.0,8.92,0,0,0,0,0,0,0,0,0,0,66.0,0,0,0,0
285,150441,1039.46,-155.42,443.44,-409.05,1.0261,1446.0,1,1205.0,571.44,0,0,0,0,0,0,0,0,0,0,1205.0,0,0,0,0
286,150442,1030.84,-155.42,439.76,-369.2,1.0257,1434.0,1,1195.0,212.97,0,0,0,0,0,0,0,0,0,0,1195.0,0,0,0,0
287,150445,61.25,-0.11,36.14,-20.43,1.04,85.2,1,71.0,23.29,0,0,0,0,0,0,0,0,0,0,71.0,0,0,0,0
288,150446,44.17,0.04,35.63,-19.83,1.04,84.0,1,70.0,21.98,0,0,0,0,0,0,0,0,0,0,70.0,0,0,0,0
289,150447,35.47,-0.19,35.63,-24.37,1.04,84.0,1,70.0,13.28,0,0,0,0,0,0,0,0,0,0,70.0,0,0,0,0
290,150448,53.81,-0.21,36.14,-22.95,1.04,85.2,1,71.0,31.3,0,0,0,0,0,0,0,0,0,0,71.0,0,0,0,0
291,150451,16.99,6.47,10.03,-5.6,1.04,23.64,1,19.7,1.97,0,0,0,0,0,0,0,0,0,0,19.7,0,0,0,0
292,150452,16.99,6.47,10.03,-5.31,1.04,23.64,1,19.7,3.14,0,0,0,0,0,0,0,0,0,0,19.7,0,0,0,0
293,150454,16.99,10.03,10.03,-5.6,1.04,23.64,1,19.7,3.54,0,0,0,0,0,0,0,0,0,0,19.7,0,0,0,0
294,150454,7.22,8.65,8.65,-5.55,1.04,20.4,1,17.0,1.83,0,0,0,0,0,0,0,0,0,0,17.0,0,0,0,0
295,150462,140.61,7.63,82.97,-53.71,1.04,195.6,1,163.0,42.85,0,0,0,0,0,0,0,0,0,0,163.0,0,0,0,0
296,150463,89.71,8.13,52.94,-31.43,1.04,124.8,1,104.0,37.04,0,0,0,0,0,0,0,0,0,0,104.0,0,0,0,0
297,150476,167.39,57.97,142.52,-73.64,1.0569,336.0,1,280.0,78.63,0,0,0,0,0,0,0,0,0,0,280.0,0,0,0,0
298,150477,183.31,-14.12,108.16,-65.51,1.04,255.0,1,212.5,49.82,0,0,0,0,0,0,0,0,0,0,212.5,0,0,0,0
299,150478,124.96,57.97,108.16,-69.04,1.0555,255.0,1,212.5,57.6,0,0,0,0,0,0,0,0,0,0,212.5,0,0,0,0
300,150481,126.16,-78.03,147.86,-78.03,1.0295,348.6,1,290.5,34.08,0,0,0,0,0,0,0,0,0,0,290.5,0,0,0,0
301,150482,250.59,-72.97,147.86,-72.97,1.0233,348.6,1,290.5,117.8,0,0,0,0,0,0,0,0,0,0,290.5,0,0,0,0
302,150483,142.33,-12.21,83.99,-49.59,1.04,198.0,1,165.0,48.08,0,0,0,0,0,0,0,0,0,0,165.0,0,0,0,0
303,150484,100.71,-56.66,83.99,-56.66,1.0287,198.0,1,165.0,19.26,0,0,0,0,0,0,0,0,0,0,165.0,0,0,0,0
304,150485,123.13,-11.76,83.99,-57.24,1.04,198.0,1,165.0,70.83,0,0,0,0,0,0,0,0,0,0,165.0,0,0,0,0
305,150486,128.81,-9.4,83.99,-51.99,1.04,198.0,1,165.0,76.51,0,0,0,0,0,0,0,0,0,0,165.0,0,0,0,0
306,150488,151.56,-9.48,117.07,-75.97,1.04,276.0,1,230.0,78.65,0,0,0,0,0,0,0,0,0,0,230.0,0,0,0,0
307,150489,194.09,-57.57,114.52,-57.57,1.0244,270.0,1,225.0,109.5,0,0,0,0,0,0,0,0,0,0,225.0,0,0,0,0
308,150490,131.04,-6.71,114.52,-56.44,1.04,270.0,1,225.0,59.72,0,0,0,0,0,0,0,0,0,0,225.0,0,0,0,0
309,150492,51.76,4.66,28.13,-17.28,1.04,72.0,1,60.0,0.0,0,0,0,0,0,0,0,0,0,0,60.0,0,0,0,0
310,150496,103.51,-4.22,44.46,-40.4,1.04,144.0,1,120.0,0.0,0,0,0,0,0,0,0,0,0,0,120.0,0,0,0,0
311,150499,194.09,-27.11,73.89,-71.14,1.04,270.0,1,225.0,0.0,0,0,0,0,0,0,0,0,0,0,225.0,0,0,0,0
312,150502,138.88,-6.55,66.1,-48.32,1.04,193.2,1,161.0,0.0,0,0,0,0,0,0,0,0,0,0,161.0,0,0,0,0
313,150505,129.39,-8.76,50.7,-43.56,1.04,180.0,1,150.0,0.0,0,0,0,0,0,0,0,0,0,0,150.0,0,0,0,0
314,150507,97.05,12.37,52.97,-30.07,1.04,135.0,1,112.5,0.0,0,0,0,0,0,0,0,0,0,0,112.5,0,0,0,0
315,150510,116.8,-1.12,59.57,-35.37,1.04,162.48,1,135.4,0.0,0,0,0,0,0,0,0,0,0,0,135.4,0,0,0,0
316,150512,94.89,1.72,39.41,-30.72,1.04,132.0,1,110.0,0.0,0,0,0,0,0,0,0,0,0,0,110.0,0,0,0,0
317,150515,175.98,-59.71,61.4,-59.71,1.0314,244.8,1,204.0,0.0,0,0,0,0,0,0,0,0,0,0,204.0,0,0,0,0
318,150517,58.31,-9.64,32.49,-17.27,1.04,81.12,1,67.6,0.0,0,0,0,0,0,0,0,0,0,0,67.6,0,0,0,0
319,150520,129.39,-10.9,50.99,-47.27,1.04,180.0,1,150.0,0.0,0,0,0,0,0,0,0,0,0,0,150.0,0,0,0,0
320,150523,0.0,0.0,233.27,-121.94,1.0413,549.96,0,458.3,83.67,0,0,0,0,0,0,0,0,0,0,458.3,0,0,0,0
321,150524,282.77,-88.25,166.85,-88.25,1.0231,393.36,1,327.8,96.89,0,0,0,0,0,0,0,0,0,0,327.8,0,0,0,0
322,150525,284.06,-88.39,167.61,-88.39,1.0251,395.16,1,329.3,53.83,0,0,0,0,0,0,0,0,0,0,329.3,0,0,0,0
323,150528,198.4,-12.11,98.89,-76.47,1.0381,276.0,1,230.0,0.0,0,0,0,0,0,0,0,0,0,0,230.0,0,0,0,0
324,150531,107.83,53.96,53.96,-38.24,1.04,150.0,1,125.0,0.0,0,0,0,0,0,0,0,0,0,0,125.0,0,0,0,0
325,150534,86.69,-28.76,30.71,-28.76,1.04,120.6,1,100.5,0.0,0,0,0,0,0,0,0,0,0,0,100.5,0,0,0,0
326,150541,14.63,5.09,9.57,-5.25,1.04,22.56,1,18.8,8.67,0,0,0,0,0,0,0,0,0,0,18.8,0,0,0,0
327,150541,13.52,5.09,9.57,-6.01,1.04,22.56,1,18.8,7.56,0,0,0,0,0,0,0,0,0,0,18.8,0,0,0,0
328,150542,16.22,4.73,9.57,-6.45,1.04,22.56,1,18.8,4.22,0,0,0,0,0,0,0,0,0,0,18.8,0,0,0,0
329,150543,9.86,3.35,9.57,-5.27,1.04,22.56,1,18.8,3.9,0,0,0,0,0,0,0,0,0,0,18.8,0,0,0,0
330,150543,16.22,3.35,9.57,-5.59,1.04,22.56,1,18.8,7.92,0,0,0,0,0,0,0,0,0,0,18.8,0,0,0,0
331,150544,16.22,2.27,9.57,-4.96,1.04,22.56,1,18.8,6.95,0,0,0,0,0,0,0,0,0,0,18.8,0,0,0,0
332,150544,9.82,2.27,9.57,-4.93,1.04,22.56,1,18.8,3.86,0,0,0,0,0,0,0,0,0,0,18.8,0,0,0,0
333,150545,8.34,4.93,9.57,-6.06,1.04,22.56,1,18.8,2.38,0,0,0,0,0,0,0,0,0,0,18.8,0,0,0,0
334,150545,16.22,4.93,9.57,-6.13,1.04,22.56,1,18.8,9.17,0,0,0,0,0,0,0,0,0,0,18.8,0,0,0,0
335,150546,16.22,2.75,9.57,-4.9,1.04,22.56,1,18.8,2.61,0,0,0,0,0,0,0,0,0,0,18.8,0,0,0,0
336,150546,16.22,2.75,9.57,-4.78,1.04,22.56,1,18.8,2.95,0,0,0,0,0,0,0,0,0,0,18.8,0,0,0,0
337,150547,16.22,6.62,9.57,-6.02,1.04,22.56,1,18.8,8.22,0,0,0,0,0,0,0,0,0,0,18.8,0,0,0,0
338,150549,26.05,-1.05,10.97,-8.27,1.04,36.24,1,30.2,0.0,0,0,0,0,0,0,0,0,0,0,30.2,0,0,0,0
339,150552,158.55,-12.86,62.45,-52.24,1.04,220.56,1,183.8,0.0,0,0,0,0,0,0,0,0,0,0,183.8,0,0,0,0
340,150554,8.54,3.42,3.42,-3.16,1.04,11.88,1,9.9,0.0,0,0,0,0,0,0,0,0,0,0,9.9,0,0,0,0
341,160189,275.18,-10.09,162.37,-79.76,1.0377,382.8,1,319.0,86.55,0,0,0,0,0,0,0,0,0,0,319.0,0,0,0,0
342,160190,135.43,-1.57,79.91,-40.97,1.04,188.4,1,157.0,75.61,0,0,0,0,0,0,0,0,0,0,157.0,0,0,0,0
343,160191,135.43,-10.09,79.91,-40.38,1.0385,188.4,1,157.0,15.86,0,0,0,0,0,0,0,0,0,0,157.0,0,0,0,0
344,160194,112.6,2.67,89.07,-58.02,1.04,210.0,1,175.0,57.13,0,0,0,0,0,0,0,0,0,0,175.0,0,0,0,0
345,160195,96.01,2.43,63.63,-38.21,1.04,150.0,1,125.0,56.39,0,0,0,0,0,0,0,0,0,0,125.0,0,0,0,0
346,160198,38.1,-0.72,24.94,-16.19,1.04,58.8,1,49.0,22.57,0,0,0,0,0,0,0,0,0,0,49.0,0,0,0,0
347,160199,42.27,-0.38,24.94,-14.91,1.04,58.8,1,49.0,7.59,0,0,0,0,0,0,0,0,0,0,49.0,0,0,0,0
348,160199,41.41,-0.38,24.43,-15.27,1.04,57.6,1,48.0,11.93,0,0,0,0,0,0,0,0,0,0,48.0,0,0,0,0
349,160200,31.92,-0.46,18.83,-12.58,1.04,44.4,1,37.0,10.19,0,0,0,0,0,0,0,0,0,0,37.0,0,0,0,0
350,160200,0.0,0.0,5.34,-3.25,1.04,12.6,0,10.5,1.95,0,0,0,0,0,0,0,0,0,0,10.5,0,0,0,0
351,160201,0.0,0.0,5.34,-3.25,1.04,12.6,0,10.5,1.59,0,0,0,0,0,0,0,0,0,0,10.5,0,0,0,0
352,160205,0.0,0.0,162.37,-105.37,1.04,382.8,0,319.0,138.58,0,0,0,0,0,0,0,0,0,0,319.0,0,0,0,0
353,160206,135.43,3.94,79.91,-42.92,1.0411,188.4,1,157.0,39.96,0,0,0,0,0,0,0,0,0,0,157.0,0,0,0,0
354,160207,135.43,-0.55,79.91,-48.89,1.04,188.4,1,157.0,39.26,0,0,0,0,0,0,0,0,0,0,157.0,0,0,0,0
355,160208,258.79,3.94,152.7,-93.82,1.0398,360.0,1,300.0,92.25,0,0,0,0,0,0,0,0,0,0,300.0,0,0,0,0
356,160210,565.02,11.95,305.23,-218.99,1.0407,786.0,1,655.0,212.55,0,0,0,0,0,0,0,0,0,0,655.0,0,0,0,0
357,160214,28.04,-0.76,16.54,-8.7,1.04,39.0,1,32.5,13.73,0,0,0,0,0,0,0,0,0,0,32.5,0,0,0,0
358,160216,62.11,7.09,36.65,-22.45,1.04,86.4,1,72.0,35.46,0,0,0,0,0,0,0,0,0,0,72.0,0,0,0,0
359,160217,62.11,6.15,36.65,-20.87,1.04,86.4,1,72.0,9.13,0,0,0,0,0,0,0,0,0,0,72.0,0,0,0,0
360,160218,62.11,11.29,36.65,-25.02,1.04,86.4,1,72.0,10.37,0,0,0,0,0,0,0,0,0,0,72.0,0,0,0,0
361,160219,45.97,7.27,36.65,-24.18,1.04,86.4,1,72.0,23.15,0,0,0,0,0,0,0,0,0,0,72.0,0,0,0,0
362,160220,30.57,9.07,36.65,-19.32,1.04,86.4,1,72.0,7.75,0,0,0,0,0,0,0,0,0,0,72.0,0,0,0,0
363,160221,62.11,5.91,36.65,-20.13,1.04,86.4,1,72.0,32.35,0,0,0,0,0,0,0,0,0,0,72.0,0,0,0,0
364,160222,49.6,5.32,29.27,-20.01,1.04,69.0,1,57.5,20.78,0,0,0,0,0,0,0,0,0,0,57.5,0,0,0,0
365,160223,29.71,3.0,24.08,-12.08,1.04,56.76,1,47.3,14.72,0,0,0,0,0,0,0,0,0,0,47.3,0,0,0,0
366,160223,23.89,3.0,16.29,-9.01,1.04,38.4,1,32.0,13.75,0,0,0,0,0,0,0,0,0,0,32.0,0,0,0,0
367,160224,12.89,4.23,14.51,-9.91,1.04,34.2,1,28.5,3.86,0,0,0,0,0,0,0,0,0,0,28.5,0,0,0,0
368,160226,49.72,4.2,38.17,-22.43,1.04,90.0,1,75.0,25.95,0,0,0,0,0,0,0,0,0,0,75.0,0,0,0,0
369,160228,27.6,13.71,16.29,-11.07,1.04,38.4,1,32.0,8.09,0,0,0,0,0,0,0,0,0,0,32.0,0,0,0,0
370,160230,0.0,0.0,3.73,-3.38,1.04,14.4,0,12.0,5.3,0,0,0,0,0,0,0,0,0,0,12.0,0,0,0,0
371,160231,0.0,0.0,10.69,-9.3,1.04,31.92,0,26.6,11.05,0,0,0,0,0,0,0,0,0,0,26.6,0,0,0,0
372,160233,0.0,0.0,10.0,-8.67,1.04,31.92,0,26.6,10.63,0,0,0,0,0,0,0,0,0,0,26.6,0,0,0,0
373,160236,20.45,7.27,15.27,-8.2,1.04,36.0,1,30.0,10.94,0,0,0,0,0,0,0,0,0,0,30.0,0,0,0,0
374,160236,25.88,7.27,15.27,-9.06,1.04,36.0,1,30.0,4.84,0,0,0,0,0,0,0,0,0,0,30.0,0,0,0,0
375,160237,25.88,5.65,15.27,-8.42,1.04,36.0,1,30.0,9.98,0,0,0,0,0,0,0,0,0,0,30.0,0,0,0,0
376,160237,0.0,0.0,7.64,-4.68,1.04,18.0,0,15.0,6.17,0,0,0,0,0,0,0,0,0,0,15.0,0,0,0,0
377,160238,0.0,0.0,7.64,-3.93,1.04,18.0,0,15.0,5.75,0,0,0,0,0,0,0,0,0,0,15.0,0,0,0,0
378,160239,0.0,0.0,7.64,-3.81,1.04,18.0,0,15.0,5.85,0,0,0,0,0,0,0,0,0,0,15.0,0,0,0,0
379,160239,0.0,0.0,6.11,-3.44,1.04,14.4,0,12.0,5.93,0,0,0,0,0,0,0,0,0,0,12.0,0,0,0,0
380,160242,0.0,0.0,10.71,-6.72,1.04,28.56,0,23.8,6.9,0,0,0,0,0,0,0,0,0,0,23.8,0,0,0,0
381,160243,0.0,0.0,6.04,-4.39,1.04,18.0,0,15.0,1.59,0,0,0,0,0,0,0,0,0,0,15.0,0,0,0,0
382,160246,20.59,5.3,16.8,-10.53,1.04,39.6,1,33.0,10.13,0,0,0,0,0,0,0,0,0,0,33.0,0,0,0,0
383,160249,121.63,21.87,71.77,-39.72,1.0463,169.2,1,141.0,33.5,0,0,0,0,0,0,0,0,0,0,141.0,0,0,0,0
384,160250,120.77,-0.1,71.26,-43.22,1.04,168.0,1,140.0,20.3,0,0,0,0,0,0,0,0,0,0,140.0,0,0,0,0
385,160251,66.57,-0.11,43.26,-22.8,1.04,102.0,1,85.0,9.38,0,0,0,0,0,0,0,0,0,0,85.0,0,0,0,0
386,160253,118.22,-0.02,77.37,-42.81,1.04,182.4,1,152.0,49.55,0,0,0,0,0,0,0,0,0,0,152.0,0,0,0,0
387,160254,0.0,0.0,77.37,-52.47,1.04,182.4,0,152.0,41.23,0,0,0,0,0,0,0,0,0,0,152.0,0,0,0,0
388,160255,113.72,34.63,83.99,-53.83,1.0515,198.0,1,165.0,61.42,0,0,0,0,0,0,0,0,0,0,165.0,0,0,0,0
389,160258,96.36,-1.74,78.9,-47.28,1.0396,186.0,1,155.0,47.23,0,0,0,0,0,0,0,0,0,0,155.0,0,0,0,0
390,160259,128.23,-1.74,78.9,-53.1,1.0399,186.0,1,155.0,60.12,0,0,0,0,0,0,0,0,0,0,155.0,0,0,0,0
391,160260,129.39,-1.74,76.35,-50.65,1.0394,180.0,1,150.0,24.83,0,0,0,0,0,0,0,0,0,0,150.0,0,0,0,0
392,160263,244.3,3.92,86.16,-77.82,1.0441,339.84,1,283.2,0.0,0,0,0,0,0,0,0,0,0,0,283.2,0,0,0,0
393,160266,123.44,12.21,72.84,-37.28,1.04,171.72,1,143.1,51.51,0,0,0,0,0,0,0,0,0,0,143.1,0,0,0,0
394,160267,82.14,10.62,72.84,-48.73,1.04,171.72,1,143.1,36.78,0,0,0,0,0,0,0,0,0,0,143.1,0,0,0,0
395,160270,173.91,-28.3,69.19,-62.38,1.0363,241.92,1,201.6,0.0,0,0,0,0,0,0,0,0,0,0,201.6,0,0,0,0
396,160273,155.27,4.33,62.64,-55.32,1.04,216.0,1,180.0,0.0,0,0,0,0,0,0,0,0,0,0,180.0,0,0,0,0
397,160275,173.39,-14.4,65.23,-61.4,1.0396,241.2,1,201.0,0.0,0,0,0,0,0,0,0,0,0,0,201.0,0,0,0,0
398,160278,172.61,4.36,98.28,-58.93,1.0408,240.12,1,200.1,0.0,0,0,0,0,0,0,0,0,0,0,200.1,0,0,0,0
399,160281,162.17,3.58,76.85,-64.67,1.044,225.6,1,188.0,0.0,0,0,0,0,0,0,0,0,0,0,188.0,0,0,0,0
400,160283,0.0,0.0,2.84,-2.58,1.04,10.8,0,9.0,0.0,0,0,0,0,0,0,0,0,0,0,9.0,0,0,0,0
401,160286,195.04,0.95,81.54,-72.69,1.04,271.32,1,226.1,0.0,0,0,0,0,0,0,0,0,0,0,226.1,0,0,0,0
402,160288,173.39,-37.31,86.2,-56.14,1.0333,241.2,1,201.0,0.0,0,0,0,0,0,0,0,0,0,0,201.0,0,0,0,0
403,160291,214.79,58.99,80.0,-72.97,1.0502,298.8,1,249.0,0.0,0,0,0,0,0,0,0,0,0,0,249.0,0,0,0,0
404,160293,27.67,4.4,22.9,-15.13,1.04,54.0,1,45.0,13.41,0,0,0,0,0,0,0,0,0,0,45.0,0,0,0,0
405,160294,38.82,4.44,22.9,-13.8,1.04,54.0,1,45.0,12.63,0,0,0,0,0,0,0,0,0,0,45.0,0,0,0,0
406,160297,43.13,1.78,25.45,-13.47,1.04,60.0,1,50.0,12.73,0,0,0,0,0,0,0,0,0,0,50.0,0,0,0,0
407,160298,23.43,2.88,25.45,-17.38,1.04,60.0,1,50.0,7.58,0,0,0,0,0,0,0,0,0,0,50.0,0,0,0,0
408,160301,264.91,-59.74,128.6,-85.81,1.0298,368.52,1,307.1,0.0,0,0,0,0,0,0,0,0,0,0,307.1,0,0,0,0
409,160303,140.52,25.55,54.81,-53.18,1.0448,195.48,1,162.9,0.0,0,0,0,0,0,0,0,0,0,0,162.9,0,0,0,0
410,170518,426.44,-11.98,266.21,-169.0,1.0286,627.6,1,523.0,85.76,0,0,0,0,0,0,0,0,0,0,523.0,0,0,0,0
411,170519,317.79,-11.98,199.53,-113.97,1.0301,470.4,1,392.0,193.53,0,0,0,0,0,0,0,0,0,0,392.0,0,0,0,0
412,170522,64.7,17.5,38.17,-19.14,1.04,90.0,1,75.0,9.13,0,0,0,0,0,0,0,0,0,0,75.0,0,0,0,0
413,170523,119.04,23.25,70.24,-37.83,1.04,165.6,1,138.0,47.43,0,0,0,0,0,0,0,0,0,0,138.0,0,0,0,0
414,170524,90.96,18.37,54.46,-30.73,1.04,128.4,1,107.0,44.55,0,0,0,0,0,0,0,0,0,0,107.0,0,0,0,0
415,170525,42.74,19.55,38.17,-21.41,1.04,90.0,1,75.0,18.97,0,0,0,0,0,0,0,0,0,0,75.0,0,0,0,0
416,170528,7.07,4.17,4.17,-2.87,1.04,9.84,1,8.2,1.94,0,0,0,0,0,0,0,0,0,0,8.2,0,0,0,0
417,170528,0.0,0.0,4.17,-2.6,1.04,9.84,0,8.2,2.44,0,0,0,0,0,0,0,0,0,0,8.2,0,0,0,0
418,170529,3.74,0.26,4.17,-2.37,1.04,9.84,1,8.2,1.14,0,0,0,0,0,0,0,0,0,0,8.2,0,0,0,0
419,170529,35.37,0.26,20.87,-14.06,1.04,49.2,1,41.0,20.0,0,0,0,0,0,0,0,0,0,0,41.0,0,0,0,0
420,170530,19.84,0.45,11.71,-6.88,1.04,27.6,1,23.0,6.13,0,0,0,0,0,0,0,0,0,0,23.0,0,0,0,0
421,170530,15.53,0.45,9.16,-6.0,1.04,21.6,1,18.0,5.16,0,0,0,0,0,0,0,0,0,0,18.0,0,0,0,0
422,170532,52.62,28.15,31.05,-19.36,1.04,73.2,1,61.0,18.15,0,0,0,0,0,0,0,0,0,0,61.0,0,0,0,0
423,170533,52.62,28.02,31.05,-18.38,1.04,73.2,1,61.0,22.87,0,0,0,0,0,0,0,0,0,0,61.0,0,0,0,0
424,170535,34.5,4.14,15.36,-11.2,1.04,48.0,1,40.0,4.04,0,0,0,0,0,0,0,0,0,0,40.0,0,0,0,0
425,170536,34.5,4.14,15.36,-12.0,1.04,48.0,1,40.0,14.94,0,0,0,0,0,0,0,0,0,0,40.0,0,0,0,0
426,170540,37.05,-3.76,39.7,-19.91,1.04,93.6,1,78.0,12.33,0,0,0,0,0,0,0,0,0,0,78.0,0,0,0,0
427,170541,50.0,-1.72,39.7,-26.1,1.04,93.6,1,78.0,25.28,0,0,0,0,0,0,0,0,0,0,78.0,0,0,0,0
428,170542,69.01,-4.74,40.72,-26.22,1.04,96.0,1,80.0,32.74,0,0,0,0,0,0,0,0,0,0,80.0,0,0,0,0
429,170550,175.98,-26.88,103.84,-52.42,1.0357,244.8,1,204.0,52.04,0,0,0,0,0,0,0,0,0,0,204.0,0,0,0,0
430,170551,100.06,-26.88,103.84,-58.96,1.0353,244.8,1,204.0,35.4,0,0,0,0,0,0,0,0,0,0,204.0,0,0,0,0
431,170552,111.06,-6.68,81.95,-51.62,1.04,193.2,1,161.0,60.03,0,0,0,0,0,0,0,0,0,0,161.0,0,0,0,0
432,170553,100.56,-4.25,77.88,-52.52,1.04,183.6,1,153.0,26.83,0,0,0,0,0,0,0,0,0,0,153.0,0,0,0,0
433,170554,131.98,-2.22,77.88,-45.58,1.04,183.6,1,153.0,28.8,0,0,0,0,0,0,0,0,0,0,153.0,0,0,0,0
434,170555,138.88,-3.71,81.95,-52.73,1.04,193.2,1,161.0,43.93,0,0,0,0,0,0,0,0,0,0,161.0,0,0,0,0
435,170563,0.0,0.0,150.66,-77.94,1.0429,355.2,0,296.0,130.0,0,0,0,0,0,0,0,0,0,0,296.0,0,0,0,0
436,170564,98.04,-55.81,104.85,-55.81,1.0271,247.2,1,206.0,32.74,0,0,0,0,0,0,0,0,0,0,206.0,0,0,0,0
437,170565,102.47,-53.68,104.34,-53.68,1.0227,246.0,1,205.0,37.49,0,0,0,0,0,0,0,0,0,0,205.0,0,0,0,0
438,170577,8.63,4.21,4.21,-2.96,1.04,12.0,1,10.0,0.0,0,0,0,0,0,0,0,0,0,0,10.0,0,0,0,0
439,170579,8.63,3.62,3.62,-3.49,1.04,12.0,1,10.0,0.0,0,0,0,0,0,0,0,0,0,0,10.0,0,0,0,0
440,170583,8.63,3.18,3.18,-2.82,1.04,12.0,1,10.0,0.0,0,0,0,0,0,0,0,0,0,0,10.0,0,0,0,0
441,180111,53.01,8.93,45.86,-24.01,1.04,108.12,1,90.1,24.45,0,0,0,0,0,0,0,0,0,0,90.1,0,0,0,0
442,180112,0.0,0.0,44.44,-27.28,1.04,104.76,0,87.3,42.04,0,0,0,0,0,0,0,0,0,0,87.3,0,0,0,0
443,180114,9.06,-0.4,4.03,-2.85,1.04,12.6,1,10.5,3.13,0,0,0,0,0,0,0,0,0,0,10.5,0,0,0,0
444,180115,0.0,0.0,3.84,-3.09,1.04,12.0,0,10.0,2.62,0,0,0,0,0,0,0,0,0,0,10.0,0,0,0,0
445,180117,6.91,-0.41,3.84,-3.07,1.04,12.0,1,10.0,3.74,0,0,0,0,0,0,0,0,0,0,10.0,0,0,0,0
446,180119,129.39,-24.32,73.05,-38.38,1.04,180.0,1,150.0,0.0,0,0,0,0,0,0,0,0,0,0,150.0,0,0,0,0
447,180121,78.67,-16.91,39.55,-29.91,1.04,109.44,1,91.2,0.0,0,0,0,0,0,0,0,0,0,0,91.2,0,0,0,0
448,180123,172.52,-14.96,84.49,-57.42,1.04,240.0,1,200.0,0.0,0,0,0,0,0,0,0,0,0,0,200.0,0,0,0,0
449,180126,172.52,-11.72,65.1,-59.25,1.0377,240.0,1,200.0,0.0,0,0,0,0,0,0,0,0,0,0,200.0,0,0,0,0
450,180128,67.28,-11.35,24.19,-20.94,1.04,93.6,1,78.0,0.0,0,0,0,0,0,0,0,0,0,0,78.0,0,0,0,0
451,180131,215.4,-17.73,88.26,-80.6,1.04,299.64,1,249.7,0.0,0,0,0,0,0,0,0,0,0,0,249.7,0,0,0,0
452,180134,172.52,-21.64,92.18,-51.51,1.04,240.0,1,200.0,0.0,0,0,0,0,0,0,0,0,0,0,200.0,0,0,0,0
453,180137,204.96,-3.24,89.5,-63.73,1.0377,285.12,1,237.6,0.0,0,0,0,0,0,0,0,0,0,0,237.6,0,0,0,0
454,180140,258.79,-13.39,94.19,-89.25,1.0408,360.0,1,300.0,0.0,0,0,0,0,0,0,0,0,0,0,300.0,0,0,0,0
455,180143,172.52,-0.18,91.47,-59.1,1.04,240.0,1,200.0,0.0,0,0,0,0,0,0,0,0,0,0,200.0,0,0,0,0
456,180145,8.63,-3.26,4.27,-3.26,1.04,12.0,1,10.0,0.0,0,0,0,0,0,0,0,0,0,0,10.0,0,0,0,0
457,190106,138.02,-5.1,64.8,-53.58,1.04,192.0,1,160.0,0.0,0,0,0,0,0,0,0,0,0,0,160.0,0,0,0,0
458,190108,0.0,0.0,21.38,-12.07,1.04,50.4,0,42.0,11.79,0,0,0,0,0,0,0,0,0,0,42.0,0,0,0,0
459,190108,0.0,0.0,21.38,-12.92,1.04,50.4,0,42.0,7.8,0,0,0,0,0,0,0,0,0,0,42.0,0,0,0,0
460,190109,0.0,0.0,8.14,-5.21,1.04,19.2,0,16.0,8.0,0,0,0,0,0,0,0,0,0,0,16.0,0,0,0,0
461,190111,0.0,0.0,26.11,-21.38,1.04,100.8,0,84.0,0.0,0,0,0,0,0,0,0,0,0,0,84.0,0,0,0,0
462,190114,112.57,-3.24,58.99,-36.24,1.04,156.6,1,130.5,0.0,0,0,0,0,0,0,0,0,0,0,130.5,0,0,0,0
463,190116,0.0,0.0,27.93,-18.59,1.04,68.4,0,57.0,0.0,0,0,0,0,0,0,0,0,0,0,57.0,0,0,0,0
464,190118,129.39,-5.71,57.1,-47.85,1.04,180.0,1,150.0,0.0,0,0,0,0,0,0,0,0,0,0,150.0,0,0,0,0
465,190120,155.27,-4.25,64.73,-58.71,1.039,216.0,1,180.0,0.0,0,0,0,0,0,0,0,0,0,0,180.0,0,0,0,0
466,190123,182.01,-6.15,95.13,-63.17,1.0383,253.2,1,211.0,0.0,0,0,0,0,0,0,0,0,0,0,211.0,0,0,0,0
467,190124,142.33,0.18,79.23,-42.56,1.04,198.0,1,165.0,0.0,0,0,0,0,0,0,0,0,0,0,165.0,0,0,0,0
468,190126,0.0,0.0,11.66,-9.02,1.04,36.0,0,30.0,0.0,0,0,0,0,0,0,0,0,0,0,30.0,0,0,0,0
469,190129,188.05,-13.3,87.77,-59.2,1.04,261.6,1,218.0,0.0,0,0,0,0,0,0,0,0,0,0,218.0,0,0,0,0
470,190132,182.19,-30.24,68.99,-63.84,1.0389,253.44,1,211.2,0.0,0,0,0,0,0,0,0,0,0,0,211.2,0,0,0,0
471,190134,129.39,-11.63,72.03,-39.85,1.04,180.0,1,150.0,0.0,0,0,0,0,0,0,0,0,0,0,150.0,0,0,0,0
472,190136,156.74,-2.12,89.94,-55.69,1.0394,218.04,1,181.7,0.0,0,0,0,0,0,0,0,0,0,0,181.7,0,0,0,0
473,190139,248.95,-8.05,130.45,-89.78,1.0395,346.32,1,288.6,0.0,0,0,0,0,0,0,0,0,0,0,288.6,0,0,0,0
474,190142,221.69,-28.07,119.62,-85.43,1.0389,308.4,1,257.0,0.0,0,0,0,0,0,0,0,0,0,0,257.0,0,0,0,0
475,190145,172.52,-21.06,88.52,-56.8,1.0363,240.0,1,200.0,0.0,0,0,0,0,0,0,0,0,0,0,200.0,0,0,0,0
476,190147,172.52,-8.24,74.67,-64.75,1.0365,240.0,1,200.0,0.0,0,0,0,0,0,0,0,0,0,0,200.0,0,0,0,0
477,190149,138.88,-0.46,50.72,-48.07,1.04,193.2,1,161.0,0.0,0,0,0,0,0,0,0,0,0,0,161.0,0,0,0,0
478,190152,167.35,-6.42,91.87,-59.24,1.04,232.8,1,194.0,0.0,0,0,0,0,0,0,0,0,0,0,194.0,0,0,0,0
479,190155,198.75,11.97,107.81,-67.63,1.0389,276.48,1,230.4,0.0,0,0,0,0,0,0,0,0,0,0,230.4,0,0,0,0
480,190157,172.52,-4.46,71.63,-53.28,1.0383,240.0,1,200.0,0.0,0,0,0,0,0,0,0,0,0,0,200.0,0,0,0,0
481,190159,134.05,-0.63,76.56,-51.04,1.0394,186.48,1,155.4,0.0,0,0,0,0,0,0,0,0,0,0,155.4,0,0,0,0
482,190162,172.52,-14.23,86.81,-65.09,1.0373,240.0,1,200.0,0.0,0,0,0,0,0,0,0,0,0,0,200.0,0,0,0,0
483,190165,258.53,-30.29,135.63,-99.58,1.0327,359.64,1,299.7,0.0,0,0,0,0,0,0,0,0,0,0,299.7,0,0,0,0
484,190167,129.39,-9.53,55.54,-51.19,1.04,180.0,1,150.0,0.0,0,0,0,0,0,0,0,0,0,0,150.0,0,0,0,0
485,190169,129.39,-10.01,60.34,-43.62,1.04,180.0,1,150.0,0.0,0,0,0,0,0,0,0,0,0,0,150.0,0,0,0,0
486,190172,258.79,-45.72,124.42,-97.67,1.0346,360.0,1,300.0,0.0,0,0,0,0,0,0,0,0,0,0,300.0,0,0,0,0
487,190174,0.0,0.0,22.27,-16.13,1.04,60.48,0,50.4,0.0,0,0,0,0,0,0,0,0,0,0,50.4,0,0,0,0
488,190177,128.01,-0.25,46.21,-44.0,1.04,178.08,1,148.4,0.0,0,0,0,0,0,0,0,0,0,0,148.4,0,0,0,0
489,190182,130.43,1.77,65.43,-41.77,1.04,181.44,1,151.2,0.0,0,0,0,0,0,0,0,0,0,0,151.2,0,0,0,0
490,190185,150.1,-0.69,85.75,-44.44,1.04,208.8,1,174.0,0.0,0,0,0,0,0,0,0,0,0,0,174.0,0,0,0,0
491,190187,0.0,0.0,11.2,-9.49,1.04,36.0,0,30.0,14.48,0,0,0,0,0,0,0,0,0,0,30.0,0,0,0,0
492,190190,140.61,-6.6,50.38,-41.21,1.04,195.6,1,163.0,0.0,0,0,0,0,0,0,0,0,0,0,163.0,0,0,0,0
493,190193,218.24,-71.03,109.69,-86.21,1.0245,303.6,1,253.0,0.0,0,0,0,0,0,0,0,0,0,0,253.0,0,0,0,0
494,190196,302.18,-96.05,131.29,-107.23,1.0199,420.36,1,350.3,0.0,0,0,0,0,0,0,0,0,0,0,350.3,0,0,0,0
495,190198,136.29,-3.18,54.26,-49.23,1.04,189.6,1,158.0,0.0,0,0,0,0,0,0,0,0,0,0,158.0,0,0,0,0
496,190201,258.79,-13.25,111.11,-99.9,1.0381,360.0,1,300.0,0.0,0,0,0,0,0,0,0,0,0,0,300.0,0,0,0,0
497,190203,0.0,0.0,37.06,-34.1,1.04,119.28,0,99.4,0.0,0,0,0,0,0,0,0,0,0,0,99.4,0,0,0,0
498,190206,172.7,-61.95,67.31,-61.95,1.0166,240.24,1,200.2,0.0,0,0,0,0,0,0,0,0,0,0,200.2,0,0,0,0
499,190209,181.24,-4.3,79.46,-60.57,1.04,252.12,1,210.1,0.0,0,0,0,0,0,0,0,0,0,0,210.1,0,0,0,0
500,200156,36.23,-6.02,21.38,-13.3,1.04,50.4,1,42.0,15.03,0,0,0,0,0,0,0,0,0,0,42.0,0,0,0,0
501,200156,15.17,-6.02,10.18,-6.04,1.04,24.0,1,20.0,8.83,0,0,0,0,0,0,0,0,0,0,20.0,0,0,0,0
502,200157,29.12,-11.02,22.9,-15.35,1.04,54.0,1,45.0,14.86,0,0,0,0,0,0,0,0,0,0,45.0,0,0,0,0
503,200162,6.15,0.98,3.19,-2.89,1.04,12.0,1,10.0,2.98,0,0,0,0,0,0,0,0,0,0,10.0,0,0,0,0
504,200168,190.64,-1.49,112.49,-66.87,1.04,265.2,1,221.0,109.11,0,0,0,0,0,0,0,0,0,0,221.0,0,0,0,0
505,200169,190.64,-67.23,112.49,-67.23,1.0236,265.2,1,221.0,26.92,0,0,0,0,0,0,0,0,0,0,221.0,0,0,0,0
506,200170,0.0,0.0,122.16,-60.21,1.04,288.0,0,240.0,82.48,0,0,0,0,0,0,0,0,0,0,240.0,0,0,0,0
507,200172,126.14,-27.33,87.55,-53.46,1.0331,206.4,1,172.0,71.62,0,0,0,0,0,0,0,0,0,0,172.0,0,0,0,0
508,200173,84.92,-0.42,75.84,-45.81,1.04,178.8,1,149.0,37.69,0,0,0,0,0,0,0,0,0,0,149.0,0,0,0,0
509,200174,128.53,0.5,75.84,-47.61,1.04,178.8,1,149.0,22.51,0,0,0,0,0,0,0,0,0,0,149.0,0,0,0,0
510,200179,215.66,-18.39,113.11,-70.37,1.0373,300.0,1,250.0,0.0,0,0,0,0,0,0,0,0,0,0,250.0,0,0,0,0
511,200181,172.52,-25.6,67.19,-51.8,1.0294,240.0,1,200.0,0.0,0,0,0,0,0,0,0,0,0,0,200.0,0,0,0,0
512,200184,173.91,-40.99,92.51,-67.89,1.0323,241.92,1,201.6,0.0,0,0,0,0,0,0,0,0,0,0,201.6,0,0,0,0
513,200186,175.11,-6.17,79.39,-62.83,1.04,243.6,1,203.0,0.0,0,0,0,0,0,0,0,0,0,0,203.0,0,0,0,0
514,200189,196.68,-36.02,109.59,-76.97,1.0333,273.6,1,228.0,0.0,0,0,0,0,0,0,0,0,0,0,228.0,0,0,0,0
515,200192,142.33,-15.09,79.13,-43.54,1.04,198.0,1,165.0,0.0,0,0,0,0,0,0,0,0,0,0,165.0,0,0,0,0
516,200195,14.57,-0.28,9.31,-6.34,1.04,21.96,1,18.3,8.77,0,0,0,0,0,0,0,0,0,0,18.3,0,0,0,0
517,200195,11.43,-0.28,9.31,-5.99,1.04,21.96,1,18.3,5.63,0,0,0,0,0,0,0,0,0,0,18.3,0,0,0,0
518,200196,11.25,-0.29,9.31,-4.72,1.04,21.96,1,18.3,5.45,0,0,0,0,0,0,0,0,0,0,18.3,0,0,0,0
519,200197,13.53,0.04,9.31,-5.31,1.04,21.96,1,18.3,7.73,0,0,0,0,0,0,0,0,0,0,18.3,0,0,0,0
520,200198,15.79,-0.26,9.31,-6.3,1.04,21.96,1,18.3,5.93,0,0,0,0,0,0,0,0,0,0,18.3,0,0,0,0
521,200198,15.79,-0.26,9.31,-6.04,1.04,21.96,1,18.3,2.69,0,0,0,0,0,0,0,0,0,0,18.3,0,0,0,0
522,200199,12.04,-0.31,9.31,-5.6,1.04,21.96,1,18.3,6.24,0,0,0,0,0,0,0,0,0,0,18.3,0,0,0,0
523,200200,8.05,-0.21,9.31,-5.61,1.04,21.96,1,18.3,2.25,0,0,0,0,0,0,0,0,0,0,18.3,0,0,0,0
524,200201,10.61,-0.15,9.31,-5.31,1.04,21.96,1,18.3,4.81,0,0,0,0,0,0,0,0,0,0,18.3,0,0,0,0
525,200201,15.79,-0.15,9.31,-5.48,1.04,21.96,1,18.3,7.38,0,0,0,0,0,0,0,0,0,0,18.3,0,0,0,0
526,200202,15.79,-0.22,9.31,-4.83,1.04,21.96,1,18.3,7.86,0,0,0,0,0,0,0,0,0,0,18.3,0,0,0,0
527,200202,15.79,-0.22,9.31,-4.72,1.04,21.96,1,18.3,8.12,0,0,0,0,0,0,0,0,0,0,18.3,0,0,0,0
528,200204,82.21,-12.86,37.82,-32.73,1.04,114.36,1,95.3,0.0,0,0,0,0,0,0,0,0,0,0,95.3,0,0,0,0
529,200207,94.89,-3.41,49.81,-29.46,1.04,132.0,1,110.0,0.0,0,0,0,0,0,0,0,0,0,0,110.0,0,0,0,0
530,210319,0.0,0.0,7.03,-6.14,1.04,21.96,0,18.3,5.75,0,0,0,0,0,0,0,0,0,0,18.3,0,0,0,0
531,210319,15.79,7.03,7.03,-5.73,1.04,21.96,1,18.3,1.85,0,0,0,0,0,0,0,0,0,0,18.3,0,0,0,0
532,210320,11.77,6.65,7.03,-6.33,1.04,21.96,1,18.3,5.97,0,0,0,0,0,0,0,0,0,0,18.3,0,0,0,0
533,210322,0.0,0.0,5.3,-3.89,1.04,16.56,0,13.8,1.38,0,0,0,0,0,0,0,0,0,0,13.8,0,0,0,0
534,210325,18.12,-2.04,8.06,-7.34,1.04,25.2,1,21.0,2.58,0,0,0,0,0,0,0,0,0,0,21.0,0,0,0,0
535,210325,18.12,-2.04,8.06,-5.64,1.04,25.2,1,21.0,6.95,0,0,0,0,0,0,0,0,0,0,21.0,0,0,0,0
536,210327,155.51,-67.34,101.8,-67.34,1.0267,240.0,1,200.0,92.11,0,0,0,0,0,0,0,0,0,0,200.0,0,0,0,0
537,210328,121.97,-5.34,80.93,-43.02,1.04,190.8,1,159.0,71.57,0,0,0,0,0,0,0,0,0,0,159.0,0,0,0,0
538,210329,89.93,-6.21,80.93,-47.94,1.04,190.8,1,159.0,39.53,0,0,0,0,0,0,0,0,0,0,159.0,0,0,0,0
539,210330,97.87,-6.83,78.39,-40.98,1.04,184.8,1,154.0,22.82,0,0,0,0,0,0,0,0,0,0,154.0,0,0,0,0
540,210331,74.19,-5.17,43.77,-24.47,1.04,103.2,1,86.0,28.3,0,0,0,0,0,0,0,0,0,0,86.0,0,0,0,0
541,210334,804.48,5.22,434.59,-264.3,1.0366,1119.12,1,932.6,269.58,0,0,0,0,0,0,0,0,0,0,932.6,0,0,0,0
542,210336,269.14,-25.96,158.81,-83.32,1.031,374.4,1,312.0,135.91,0,0,0,0,0,0,0,0,0,0,312.0,0,0,0,0
543,210337,191.77,-25.96,158.81,-81.77,1.0299,374.4,1,312.0,92.87,0,0,0,0,0,0,0,0,0,0,312.0,0,0,0,0
544,210338,0.0,0.0,107.4,-72.01,1.036,253.2,0,211.0,91.66,0,0,0,0,0,0,0,0,0,0,211.0,0,0,0,0
545,210339,182.01,19.4,107.4,-70.93,1.04,253.2,1,211.0,53.7,0,0,0,0,0,0,0,0,0,0,211.0,0,0,0,0
546,210340,119.65,15.62,107.4,-54.69,1.04,253.2,1,211.0,52.77,0,0,0,0,0,0,0,0,0,0,211.0,0,0,0,0
547,210341,131.77,15.84,107.4,-66.88,1.04,253.2,1,211.0,64.89,0,0,0,0,0,0,0,0,0,0,211.0,0,0,0,0
548,210346,129.39,-37.68,73.47,-37.68,1.0357,180.0,1,150.0,0.0,0,0,0,0,0,0,0,0,0,0,150.0,0,0,0,0
549,210349,172.61,-33.54,60.12,-51.57,1.04,240.12,1,200.1,0.0,0,0,0,0,0,0,0,0,0,0,200.1,0,0,0,0
550,210351,0.0,0.0,7.63,-4.73,1.04,18.48,0,15.4,0.0,0,0,0,0,0,0,0,0,0,0,15.4,0,0,0,0
551,210354,172.52,-37.6,76.6,-55.75,1.04,240.0,1,200.0,0.0,0,0,0,0,0,0,0,0,0,0,200.0,0,0,0,0
552,210358,0.0,0.0,4.64,-2.62,1.04,12.0,0,10.0,0.0,0,0,0,0,0,0,0,0,0,0,10.0,0,0,0,0
553,220123,27.27,0.94,32.58,-20.07,1.04,76.8,1,64.0,6.98,0,0,0,0,0,0,0,0,0,0,64.0,0,0,0,0
554,220124,42.08,0.47,32.58,-18.48,1.04,76.8,1,64.0,11.24,0,0,0,0,0,0,0,0,0,0,64.0,0,0,0,0
555,220125,55.21,0.6,32.58,-20.07,1.04,76.8,1,64.0,13.97,0,0,0,0,0,0,0,0,0,0,64.0,0,0,0,0
556,220126,55.21,0.87,32.58,-19.7,1.04,76.8,1,64.0,10.21,0,0,0,0,0,0,0,0,0,0,64.0,0,0,0,0
557,220127,50.53,0.85,33.09,-18.86,1.04,78.0,1,65.0,29.93,0,0,0,0,0,0,0,0,0,0,65.0,0,0,0,0
558,220132,61.25,-9.55,36.14,-24.17,1.04,85.2,1,71.0,31.96,0,0,0,0,0,0,0,0,0,0,71.0,0,0,0,0
559,220133,61.25,-11.39,36.14,-20.18,1.04,85.2,1,71.0,17.65,0,0,0,0,0,0,0,0,0,0,71.0,0,0,0,0
560,220134,32.56,-9.38,35.63,-19.86,1.04,84.0,1,70.0,10.37,0,0,0,0,0,0,0,0,0,0,70.0,0,0,0,0
561,220136,0.0,0.0,16.9,-9.21,1.04,41.16,0,34.3,0.0,0,0,0,0,0,0,0,0,0,0,34.3,0,0,0,0
562,220142,177.7,58.92,104.85,-58.06,1.0546,247.2,1,206.0,52.1,0,0,0,0,0,0,0,0,0,0,206.0,0,0,0,0
563,220143,176.75,58.92,104.29,-51.35,1.0503,245.88,1,204.9,30.96,0,0,0,0,0,0,0,0,0,0,204.9,0,0,0,0
564,220144,139.75,-0.08,82.46,-42.99,1.04,194.4,1,162.0,57.97,0,0,0,0,0,0,0,0,0,0,162.0,0,0,0,0
565,220145,108.9,-0.04,78.13,-52.05,1.04,184.2,1,153.5,60.24,0,0,0,0,0,0,0,0,0,0,153.5,0,0,0,0
566,220146,77.76,-0.76,73.96,-42.13,1.04,174.36,1,145.3,31.7,0,0,0,0,0,0,0,0,0,0,145.3,0,0,0,0
567,220147,110.81,0.01,73.14,-41.36,1.04,172.44,1,143.7,65.26,0,0,0,0,0,0,0,0,0,0,143.7,0,0,0,0
568,220149,239.81,11.45,94.26,-87.09,1.0401,333.6,1,278.0,0.0,0,0,0,0,0,0,0,0,0,0,278.0,0,0,0,0
569,220151,71.17,28.61,35.03,-26.94,1.04,99.0,1,82.5,0.0,0,0,0,0,0,0,0,0,0,0,82.5,0,0,0,0
570,220153,67.28,9.4,36.25,-21.09,1.04,93.6,1,78.0,0.0,0,0,0,0,0,0,0,0,0,0,78.0,0,0,0,0
571,220156,70.74,-1.37,35.97,-21.82,1.04,98.4,1,82.0,0.0,0,0,0,0,0,0,0,0,0,0,82.0,0,0,0,0
572,220159,144.66,-1.56,78.81,-52.96,1.04,201.24,1,167.7,0.0,0,0,0,0,0,0,0,0,0,0,167.7,0,0,0,0
573,220162,84.62,0.74,49.93,-32.75,1.04,117.72,1,98.1,17.48,0,0,0,0,0,0,0,0,0,0,98.1,0,0,0,0
574,220163,84.62,0.99,49.93,-27.26,1.04,117.72,1,98.1,42.36,0,0,0,0,0,0,0,0,0,0,98.1,0,0,0,0
575,220164,60.38,0.43,35.63,-19.22,1.04,84.0,1,70.0,21.43,0,0,0,0,0,0,0,0,0,0,70.0,0,0,0,0
576,220165,32.47,0.53,35.63,-19.49,1.04,84.0,1,70.0,10.28,0,0,0,0,0,0,0,0,0,0,70.0,0,0,0,0
577,220166,32.25,0.96,34.61,-19.54,1.04,81.6,1,68.0,10.7,0,0,0,0,0,0,0,0,0,0,68.0,0,0,0,0
578,220167,58.66,0.36,34.61,-17.44,1.04,81.6,1,68.0,12.21,0,0,0,0,0,0,0,0,0,0,68.0,0,0,0,0
579,220169,107.14,2.45,61.9,-37.22,1.04,149.04,1,124.2,0.0,0,0,0,0,0,0,0,0,0,0,124.2,0,0,0,0
580,220171,77.64,-1.42,31.21,-30.0,1.04,108.0,1,90.0,0.0,0,0,0,0,0,0,0,0,0,0,90.0,0,0,0,0
581,220174,103.51,-30.35,45.9,-30.35,1.0268,144.0,1,120.0,0.0,0,0,0,0,0,0,0,0,0,0,120.0,0,0,0,0
582,220176,103.51,33.79,42.57,-31.54,1.04,144.0,1,120.0,0.0,0,0,0,0,0,0,0,0,0,0,120.0,0,0,0,0
583,220178,129.39,-3.37,73.44,-45.62,1.04,180.0,1,150.0,0.0,0,0,0,0,0,0,0,0,0,0,150.0,0,0,0,0
584,220181,105.15,-10.13,52.41,-39.73,1.04,146.28,1,121.9,0.0,0,0,0,0,0,0,0,0,0,0,121.9,0,0,0,0
585,220183,122.92,0.67,55.0,-41.65,1.04,171.0,1,142.5,0.0,0,0,0,0,0,0,0,0,0,0,142.5,0,0,0,0
586,220186,99.63,-8.84,53.5,-33.48,1.04,138.6,1,115.5,0.0,0,0,0,0,0,0,0,0,0,0,115.5,0,0,0,0
587,220188,0.0,0.0,19.55,-18.65,1.04,70.56,0,58.8,0.0,0,0,0,0,0,0,0,0,0,0,58.8,0,0,0,0
588,220191,0.0,0.0,15.43,-12.6,1.04,43.2,0,36.0,9.18,0,0,0,0,0,0,0,0,0,0,36.0,0,0,0,0
589,220191,79.79,16.93,38.38,-31.41,1.04,111.0,1,92.5,0.0,0,0,0,0,0,0,0,0,0,0,92.5,0,0,0,0
590,220192,0.0,0.0,24.96,-17.0,1.04,72.0,0,60.0,0.0,0,0,0,0,0,0,0,0,0,0,60.0,0,0,0,0
591,220195,125.08,-2.37,45.26,-43.79,1.04,174.0,1,145.0,0.0,0,0,0,0,0,0,0,0,0,0,145.0,0,0,0,0
592,220198,0.0,0.0,76.35,-41.58,1.04,180.0,0,150.0,40.08,0,0,0,0,0,0,0,0,0,0,150.0,0,0,0,0
593,220199,129.39,4.91,76.35,-41.43,1.04,180.0,1,150.0,61.41,0,0,0,0,0,0,0,0,0,0,150.0,0,0,0,0
594,220201,0.0,0.0,4.94,-2.77,1.04,12.0,0,10.0,0.0,0,0,0,0,0,0,0,0,0,0,10.0,0,0,0,0
595,220203,0.0,0.0,12.57,-10.52,1.04,36.24,0,30.2,0.0,0,0,0,0,0,0,0,0,0,0,30.2,0,0,0,0
596,220206,100.06,-2.38,45.23,-30.63,1.04,139.2,1,116.0,0.0,0,0,0,0,0,0,0,0,0,0,116.0,0,0,0,0
597,220209,182.19,9.7,88.21,-65.8,1.04,253.44,1,211.2,0.0,0,0,0,0,0,0,0,0,0,0,211.2,0,0,0,0
598,220214,178.74,-12.47,75.76,-69.89,1.04,248.64,1,207.2,0.0,0,0,0,0,0,0,0,0,0,0,207.2,0,0,0,0
599,220216,169.68,-6.26,71.75,-55.83,1.0419,236.04,1,196.7,0.0,0,0,0,0,0,0,0,0,0,0,196.7,0,0,0,0
600,220219,135.86,-34.11,48.84,-44.45,1.04,189.0,1,157.5,0.0,0,0,0,0,0,0,0,0,0,0,157.5,0,0,0,0
601,220222,174.25,-49.43,81.48,-52.43,1.0306,242.4,1,202.0,0.0,0,0,0,0,0,0,0,0,0,0,202.0,0,0,0,0
602,220225,0.0,0.0,3.6,-3.27,1.04,11.88,0,9.9,1.53,0,0,0,0,0,0,0,0,0,0,9.9,0,0,0,0
603,220225,155.27,-8.12,72.54,-52.98,1.04,216.0,1,180.0,0.0,0,0,0,0,0,0,0,0,0,0,180.0,0,0,0,0
604,220228,86.26,37.61,38.99,-28.38,1.04,120.0,1,100.0,0.0,0,0,0,0,0,0,0,0,0,0,100.0,0,0,0,0
605,220230,102.22,11.96,50.21,-29.66,1.04,142.2,1,118.5,0.0,0,0,0,0,0,0,0,0,0,0,118.5,0,0,0,0
606,220234,129.39,9.59,61.23,-45.48,1.0435,180.0,1,150.0,0.0,0,0,0,0,0,0,0,0,0,0,150.0,0,0,0,0
607,220236,0.0,0.0,20.2,-15.53,1.04,60.0,0,50.0,0.0,0,0,0,0,0,0,0,0,0,0,50.0,0,0,0,0
608,220241,0.0,0.0,18.2,-14.49,1.04,60.0,0,50.0,0.0,0,0,0,0,0,0,0,0,0,0,50.0,0,0,0,0
609,220245,157.0,12.18,77.44,-56.35,1.04,218.4,1,182.0,0.0,0,0,0,0,0,0,0,0,0,0,182.0,0,0,0,0
610,220247,0.0,0.0,23.62,-15.58,1.04,60.0,0,50.0,0.0,0,0,0,0,0,0,0,0,0,0,50.0,0,0,0,0
611,220250,215.66,13.01,81.55,-74.55,1.04,300.0,1,250.0,0.0,0,0,0,0,0,0,0,0,0,0,250.0,0,0,0,0
612,220253,86.26,-21.46,33.66,-33.44,1.04,120.0,1,100.0,0.0,0,0,0,0,0,0,0,0,0,0,100.0,0,0,0,0
613,220256,86.26,29.63,35.98,-25.65,1.04,120.0,1,100.0,0.0,0,0,0,0,0,0,0,0,0,0,100.0,0,0,0,0
614,230259,740.13,19.16,399.83,-254.56,1.0398,1029.6,1,858.0,240.88,0,0,0,0,0,0,0,0,0,0,858.0,0,0,0,0
615,230260,716.84,19.16,387.25,-286.52,1.0391,997.2,1,831.0,367.01,0,0,0,0,0,0,0,0,0,0,831.0001,0,0,0,0
616,230262,0.0,0.0,10.69,-6.86,1.04,25.2,0,21.0,6.93,0,0,0,0,0,0,0,0,0,0,21.0,0,0,0,0
617,230264,508.95,35.66,274.94,-179.01,1.0445,708.0,1,590.0,64.35,0,0,0,0,0,0,0,0,0,0,590.0,0,0,0,0
618,230265,508.95,35.66,274.94,-160.09,1.0434,708.0,1,590.0,103.59,0,0,0,0,0,0,0,0,0,0,590.0,0,0,0,0
619,230266,0.0,0.0,202.71,-119.21,1.04,522.0,0,435.0,94.98,0,0,0,0,0,0,0,0,0,0,435.0,0,0,0,0
620,230271,737.54,91.11,398.43,-229.19,1.049,1026.0,1,855.0,136.41,0,0,0,0,0,0,0,0,0,0,855.0,0,0,0,0
621,230272,737.54,91.11,398.43,-284.34,1.0502,1026.0,1,855.0,393.76,0,0,0,0,0,0,0,0,0,0,855.0,0,0,0,0
622,230275,0.0,0.0,23.97,-13.18,1.04,56.52,0,47.1,7.3,0,0,0,0,0,0,0,0,0,0,47.1,0,0,0,0
623,230275,0.0,0.0,23.97,-15.72,1.04,56.52,0,47.1,11.71,0,0,0,0,0,0,0,0,0,0,47.1,0,0,0,0
624,230276,94.89,55.99,55.99,-34.53,1.0528,132.0,1,110.0,16.3,0,0,0,0,0,0,0,0,0,0,110.0,0,0,0,0
625,230281,131.12,-4.17,70.83,-39.34,1.04,182.4,1,152.0,50.02,0,0,0,0,0,0,0,0,0,0,152.0,0,0,0,0
626,230282,131.98,-4.28,71.3,-43.0,1.04,183.6,1,153.0,44.23,0,0,0,0,0,0,0,0,0,0,153.0,0,0,0,0
627,230284,297.28,69.42,201.06,-130.31,1.0518,474.0,1,395.0,172.07,0,0,0,0,0,0,0,0,0,0,395.0,0,0,0,0
628,230285,95.26,0.16,78.9,-48.95,1.04,186.0,1,155.0,46.13,0,0,0,0,0,0,0,0,0,0,155.0,0,0,0,0
629,230286,133.71,0.36,78.9,-54.08,1.04,186.0,1,155.0,67.33,0,0,0,0,0,0,0,0,0,0,155.0,0,0,0,0
630,230287,88.58,-0.73,78.9,-43.13,1.04,186.0,1,155.0,39.45,0,0,0,0,0,0,0,0,0,0,155.0,0,0,0,0
631,230290,17.56,2.44,16.49,-8.18,1.04,38.88,1,32.4,7.29,0,0,0,0,0,0,0,0,0,0,32.4,0,0,0,0
632,230290,9.49,2.44,5.6,-3.16,1.04,13.2,1,11.0,5.31,0,0,0,0,0,0,0,0,0,0,11.0,0,0,0,0
633,230293,0.0,0.0,4.22,-2.15,1.04,9.96,0,8.3,3.51,0,0,0,0,0,0,0,0,0,0,8.3,0,0,0,0
634,230293,7.16,0.54,4.22,-2.89,1.04,9.96,1,8.3,2.61,0,0,0,0,0,0,0,0,0,0,8.3,0,0,0,0
635,230294,3.68,0.15,4.22,-2.61,1.04,9.96,1,8.3,1.05,0,0,0,0,0,0,0,0,0,0,8.3,0,0,0,0
636,230294,7.16,0.15,4.22,-2.52,1.04,9.96,1,8.3,3.66,0,0,0,0,0,0,0,0,0,0,8.3,0,0,0,0
637,230295,7.16,0.06,4.22,-2.29,1.04,9.96,1,8.3,2.67,0,0,0,0,0,0,0,0,0,0,8.3,0,0,0,0
638,230295,5.2,0.06,4.22,-2.82,1.04,9.96,1,8.3,2.57,0,0,0,0,0,0,0,0,0,0,8.3,0,0,0,0
639,240195,0.0,0.0,34.1,-17.01,1.04,80.4,0,67.0,6.7,0,0,0,0,0,0,0,0,0,0,67.0,0,0,0,0
640,240196,0.0,0.0,33.59,-17.74,1.04,79.2,0,66.0,8.1,0,0,0,0,0,0,0,0,0,0,66.0,0,0,0,0
641,240197,0.0,0.0,33.59,-16.88,1.04,79.2,0,66.0,13.99,0,0,0,0,0,0,0,0,0,0,66.0,0,0,0,0
642,240198,0.0,0.0,34.1,-22.0,1.04,80.4,0,67.0,10.38,0,0,0,0,0,0,0,0,0,0,67.0,0,0,0,0
643,240199,0.0,0.0,34.61,-21.56,1.04,81.6,0,68.0,27.81,0,0,0,0,0,0,0,0,0,0,68.0,0,0,0,0
644,240200,0.0,0.0,34.61,-17.53,1.04,81.6,0,68.0,12.45,0,0,0,0,0,0,0,0,0,0,68.0,0,0,0,0
645,240202,25.02,-9.75,11.14,-9.75,1.04,34.8,1,29.0,3.88,0,0,0,0,0,0,0,0,0,0,29.0,0,0,0,0
646,240202,16.52,-9.4,11.14,-9.4,1.04,34.8,1,29.0,7.33,0,0,0,0,0,0,0,0,0,0,29.0,0,0,0,0
647,240210,131.12,-30.33,57.7,-48.16,1.04,182.4,1,152.0,0.0,0,0,0,0,0,0,0,0,0,0,152.0,0,0,0,0
648,240212,0.0,0.0,12.33,-10.79,1.04,45.0,0,37.5,0.0,0,0,0,0,0,0,0,0,0,0,37.5,0,0,0,0
649,240214,85.23,-1.27,29.96,-28.04,1.04,118.56,1,98.8,0.0,0,0,0,0,0,0,0,0,0,0,98.8,0,0,0,0
650,240217,104.03,-6.04,57.84,-41.35,1.04,144.72,1,120.6,0.0,0,0,0,0,0,0,0,0,0,0,120.6,0,0,0,0
651,240219,98.34,-6.39,52.79,-35.34,1.04,136.8,1,114.0,0.0,0,0,0,0,0,0,0,0,0,0,114.0,0,0,0,0
652,240221,257.92,-92.59,129.27,-92.59,1.0096,358.8,1,299.0,0.0,0,0,0,0,0,0,0,0,0,0,299.0,0,0,0,0
653,240222,192.8,-70.48,106.46,-70.48,1.0202,268.2,1,223.5,0.0,0,0,0,0,0,0,0,0,0,0,223.5,0,0,0,0
654,240223,183.74,-72.47,72.51,-72.47,1.0201,255.6,1,213.0,0.0,0,0,0,0,0,0,0,0,0,0,213.0,0,0,0,0
655,240225,116.45,-5.55,57.25,-38.53,1.04,162.0,1,135.0,0.0,0,0,0,0,0,0,0,0,0,0,135.0,0,0,0,0
656,240228,207.89,-18.68,110.48,-64.89,1.04,289.2,1,241.0,0.0,0,0,0,0,0,0,0,0,0,0,241.0,0,0,0,0
657,240230,69.44,-15.44,35.28,-23.36,1.04,96.6,1,80.5,0.0,0,0,0,0,0,0,0,0,0,0,80.5,0,0,0,0
658,240233,172.52,-53.92,83.97,-53.92,1.0261,240.0,1,200.0,0.0,0,0,0,0,0,0,0,0,0,0,200.0,0,0,0,0
659,240236,172.52,-6.87,89.48,-65.5,1.04,240.0,1,200.0,0.0,0,0,0,0,0,0,0,0,0,0,200.0,0,0,0,0
660,240239,200.56,-10.21,77.33,-73.21,1.04,279.0,1,232.5,0.0,0,0,0,0,0,0,0,0,0,0,232.5,0,0,0,0
661,240241,109.12,-10.37,39.89,-38.46,1.04,151.8,1,126.5,0.0,0,0,0,0,0,0,0,0,0,0,126.5,0,0,0,0
662,240244,180.29,-17.3,72.0,-58.68,1.04,250.8,1,209.0,0.0,0,0,0,0,0,0,0,0,0,0,209.0,0,0,0,0
663,240246,0.0,0.0,28.39,-20.26,1.04,75.6,0,63.0,0.0,0,0,0,0,0,0,0,0,0,0,63.0,0,0,0,0
664,240248,146.82,-52.97,64.76,-52.97,1.0236,204.24,1,170.2,0.0,0,0,0,0,0,0,0,0,0,0,170.2,0,0,0,0
665,240250,87.3,-14.79,43.05,-28.64,1.04,121.44,1,101.2,0.0,0,0,0,0,0,0,0,0,0,0,101.2,0,0,0,0
666,240255,69.01,-20.29,35.77,-20.29,1.04,96.0,1,80.0,0.0,0,0,0,0,0,0,0,0,0,0,80.0,0,0,0,0
667,240256,60.04,-14.36,29.98,-20.76,1.04,83.52,1,69.6,0.0,0,0,0,0,0,0,0,0,0,0,69.6,0,0,0,0
668,240258,185.03,-20.73,82.54,-62.16,1.04,257.4,1,214.5,0.0,0,0,0,0,0,0,0,0,0,0,214.5,0,0,0,0
669,240259,160.45,-28.88,84.21,-56.39,1.04,223.2,1,186.0,0.0,0,0,0,0,0,0,0,0,0,0,186.0,0,0,0,0
670,240260,128.96,-13.17,67.08,-48.3,1.04,179.4,1,149.5,0.0,0,0,0,0,0,0,0,0,0,0,149.5,0,0,0,0
671,240261,97.05,-12.05,42.41,-35.38,1.04,135.0,1,112.5,0.0,0,0,0,0,0,0,0,0,0,0,112.5,0,0,0,0
672,240266,146.21,-9.31,53.22,-48.37,1.04,203.4,1,169.5,0.0,0,0,0,0,0,0,0,0,0,0,169.5,0,0,0,0
673,240269,103.51,-10.14,52.6,-35.55,1.04,144.0,1,120.0,0.0,0,0,0,0,0,0,0,0,0,0,120.0,0,0,0,0
674,240272,140.0,-2.51,70.77,-54.69,1.04,194.76,1,162.3,0.0,0,0,0,0,0,0,0,0,0,0,162.3,0,0,0,0
675,240275,172.09,-57.09,60.91,-57.09,1.0271,239.4,1,199.5,0.0,0,0,0,0,0,0,0,0,0,0,199.5,0,0,0,0
676,240278,6.22,-2.56,3.08,-2.56,1.04,11.88,1,9.9,3.08,0,0,0,0,0,0,0,0,0,0,9.9,0,0,0,0
677,240278,214.79,-25.4,99.91,-64.54,1.04,298.8,1,249.0,0.0,0,0,0,0,0,0,0,0,0,0,249.0,0,0,0,0
678,240280,4.62,-2.63,4.11,-2.63,1.04,11.88,1,9.9,1.48,0,0,0,0,0,0,0,0,0,0,9.9,0,0,0,0
679,240280,169.94,-3.05,70.03,-51.05,1.04,236.4,1,197.0,0.0,0,0,0,0,0,0,0,0,0,0,197.0,0,0,0,0
680,240282,129.39,-14.56,57.18,-49.98,1.04,180.0,1,150.0,0.0,0,0,0,0,0,0,0,0,0,0,150.0,0,0,0,0
681,240284,64.7,-10.49,33.44,-26.15,1.04,90.0,1,75.0,0.0,0,0,0,0,0,0,0,0,0,0,75.0,0,0,0,0
682,240285,64.7,-9.63,36.3,-22.59,1.04,90.0,1,75.0,0.0,0,0,0,0,0,0,0,0,0,0,75.0,0,0,0,0
683,240288,86.26,-0.11,42.11,-32.13,1.04,120.0,1,100.0,0.0,0,0,0,0,0,0,0,0,0,0,100.0,0,0,0,0
684,240291,128.79,-46.52,60.31,-46.52,1.0461,179.16,1,149.3,0.0,0,0,0,0,0,0,0,0,0,0,149.3,0,0,0,0
685,240293,198.4,-12.74,100.94,-62.13,1.0328,276.0,1,230.0,0.0,0,0,0,0,0,0,0,0,0,0,230.0,0,0,0,0
686,240296,138.02,-14.81,64.94,-48.11,1.04,192.0,1,160.0,0.0,0,0,0,0,0,0,0,0,0,0,160.0,0,0,0,0
687,240298,0.0,0.0,10.77,-9.6,1.04,36.0,0,30.0,0.0,0,0,0,0,0,0,0,0,0,0,30.0,0,0,0,0
688,240301,215.66,-66.94,119.45,-66.94,1.0194,300.0,1,250.0,0.0,0,0,0,0,0,0,0,0,0,0,250.0,0,0,0,0
689,240304,258.79,-69.58,139.87,-88.8,1.025,360.0,1,300.0,0.0,0,0,0,0,0,0,0,0,0,0,300.0,0,0,0,0
690,240307,129.39,-27.56,62.19,-41.76,1.04,180.0,1,150.0,0.0,0,0,0,0,0,0,0,0,0,0,150.0,0,0,0,0
691,240312,172.09,-62.03,63.73,-62.03,1.036,239.4,1,199.5,0.0,0,0,0,0,0,0,0,0,0,0,199.5,0,0,0,0
692,240317,260.86,-84.1,125.0,-84.1,1.0135,362.88,1,302.4,0.0,0,0,0,0,0,0,0,0,0,0,302.4,0,0,0,0
693,240320,258.79,-77.22,133.93,-77.22,1.0239,360.0,1,300.0,0.0,0,0,0,0,0,0,0,0,0,0,300.0,0,0,0,0
694,250347,379.17,-13.18,255.52,-170.18,1.0357,602.4,1,502.0,149.55,0,0,0,0,0,0,0,0,0,0,502.0,0,0,0,0
695,250348,144.06,-1.02,85.0,-42.27,1.04,200.4,1,167.0,59.76,0,0,0,0,0,0,0,0,0,0,167.0,0,0,0,0
696,250354,151.21,-2.35,119.61,-65.48,1.04,282.0,1,235.0,76.72,0,0,0,0,0,0,0,0,0,0,235.0,0,0,0,0
697,250358,690.1,69.28,372.8,-207.1,1.0452,960.0,1,800.0,386.3,0,0,0,0,0,0,0,0,0,0,800.0,0,0,0,0
698,250359,694.41,69.28,375.13,-204.88,1.0457,966.0,1,805.0,132.07,0,0,0,0,0,0,0,0,0,0,805.0,0,0,0,0
699,250360,694.41,69.28,375.13,-257.33,1.0411,966.0,1,805.0,353.64,0,0,0,0,0,0,0,0,0,0,805.0,0,0,0,0
700,250362,0.0,0.0,204.62,-123.65,1.0396,482.4,0,402.0,110.76,0,0,0,0,0,0,0,0,0,0,402.0,0,0,0,0
701,250363,126.81,1.1,74.82,-38.38,1.04,176.4,1,147.0,19.66,0,0,0,0,0,0,0,0,0,0,147.0,0,0,0,0
702,250364,111.53,1.06,75.84,-41.76,1.04,178.8,1,149.0,43.12,0,0,0,0,0,0,0,0,0,0,149.0,0,0,0,0
703,250365,126.81,0.67,74.82,-46.65,1.04,176.4,1,147.0,23.87,0,0,0,0,0,0,0,0,0,0,147.0,0,0,0,0
704,250367,152.68,0.08,90.09,-52.33,1.0406,212.4,1,177.0,67.63,0,0,0,0,0,0,0,0,0,0,177.0,0,0,0,0
705,250368,78.45,0.08,87.55,-44.62,1.0411,206.4,1,172.0,23.93,0,0,0,0,0,0,0,0,0,0,172.0,0,0,0,0
706,250369,104.15,0.08,77.88,-43.98,1.0412,183.6,1,153.0,55.65,0,0,0,0,0,0,0,0,0,0,153.0,0,0,0,0
707,250370,82.92,-6.18,77.88,-40.14,1.04,183.6,1,153.0,34.42,0,0,0,0,0,0,0,0,0,0,153.0,0,0,0,0
708,250371,128.53,-4.85,75.84,-43.54,1.04,178.8,1,149.0,42.74,0,0,0,0,0,0,0,0,0,0,149.0,0,0,0,0
709,250372,91.58,0.08,75.84,-41.83,1.0412,178.8,1,149.0,44.35,0,0,0,0,0,0,0,0,0,0,149.0,0,0,0,0
710,250374,69.19,0.38,43.89,-27.97,1.04,120.0,1,100.0,37.49,0,0,0,0,0,0,0,0,0,0,100.0,0,0,0,0
711,250376,8.63,-3.18,3.33,-3.18,1.04,12.0,1,10.0,0.0,0,0,0,0,0,0,0,0,0,0,10.0,0,0,0,0
712,260208,179.54,-2.02,132.34,-87.91,1.0362,312.0,1,260.0,97.12,0,0,0,0,0,0,0,0,0,0,260.0,0,0,0,0
713,260209,169.52,21.31,132.34,-80.0,1.04,312.0,1,260.0,87.1,0,0,0,0,0,0,0,0,0,0,260.0,0,0,0,0
714,260210,224.28,-2.02,132.34,-80.78,1.0354,312.0,1,260.0,32.94,0,0,0,0,0,0,0,0,0,0,260.0,0,0,0,0
715,260211,223.42,-2.02,131.83,-73.95,1.0358,310.8,1,259.0,42.47,0,0,0,0,0,0,0,0,0,0,259.0,0,0,0,0
716,260212,226.18,-2.02,142.01,-97.57,1.0359,334.8,1,279.0,137.74,0,0,0,0,0,0,0,0,0,0,279.0,0,0,0,0
717,260213,124.61,-2.02,144.56,-84.31,1.0365,340.8,1,284.0,34.59,0,0,0,0,0,0,0,0,0,0,284.0,0,0,0,0
718,270207,256.14,9.91,164.41,-83.08,1.0396,387.6,1,323.0,40.93,0,0,0,0,0,0,0,0,0,0,323.0,0,0,0,0
719,270208,79.35,6.08,83.99,-53.1,1.04,198.0,1,165.0,27.05,0,0,0,0,0,0,0,0,0,0,165.0,0,0,0,0
720,270209,132.84,9.91,78.39,-46.72,1.0404,184.8,1,154.0,76.03,0,0,0,0,0,0,0,0,0,0,154.0,0,0,0,0
721,270210,132.84,7.75,78.39,-47.38,1.04,184.8,1,154.0,18.76,0,0,0,0,0,0,0,0,0,0,154.0,0,0,0,0
722,270212,138.74,35.61,106.89,-64.53,1.04,252.0,1,210.0,72.17,0,0,0,0,0,0,0,0,0,0,210.0,0,0,0,0
723,270213,0.0,0.0,108.42,-70.72,1.037,255.6,0,213.0,88.69,0,0,0,0,0,0,0,0,0,0,213.0,0,0,0,0
724,270214,181.15,35.61,106.89,-72.95,1.0427,252.0,1,210.0,53.11,0,0,0,0,0,0,0,0,0,0,210.0,0,0,0,0
725,270215,98.76,35.61,107.4,-66.46,1.0458,253.2,1,211.0,31.88,0,0,0,0,0,0,0,0,0,0,211.0,0,0,0,0
726,270217,132.95,14.48,100.27,-54.91,1.04,236.4,1,197.0,70.5,0,0,0,0,0,0,0,0,0,0,197.0,0,0,0,0
727,270218,169.94,32.11,100.27,-59.84,1.04,236.4,1,197.0,77.32,0,0,0,0,0,0,0,0,0,0,197.0,0,0,0,0
728,270219,127.67,12.43,75.33,-46.93,1.0404,177.6,1,148.0,32.29,0,0,0,0,0,0,0,0,0,0,148.0,0,0,0,0
729,270220,114.12,12.43,75.33,-50.2,1.0408,177.6,1,148.0,67.21,0,0,0,0,0,0,0,0,0,0,148.0,0,0,0,0
730,270221,127.67,12.43,75.33,-51.45,1.0403,177.6,1,148.0,39.46,0,0,0,0,0,0,0,0,0,0,148.0,0,0,0,0
731,270222,66.92,11.84,75.33,-50.71,1.04,177.6,1,148.0,20.01,0,0,0,0,0,0,0,0,0,0,148.0,0,0,0,0
