,MODEL,STARTUP,SHUTDOWN,NCOST,COST_11,COST_10,COST_9,COST_8,COST_7,COST_6,COST_5,COST_4,COST_3,COST_2,COST_1,COST_0
1,1,0,0,6,87.52,6327.53,219.22,10042.05,350.91,14039.65,482.61,18320.32,614.3,22884.07,746.0,27730.88
2,1,0,0,6,303.73,14826.55,392.78,18042.25,481.84,21303.9,570.89,24611.51,659.95,27965.06,749.0,31364.57
3,1,0,0,6,15.73,2029.89,23.38,2686.25,31.04,3343.01,38.69,4000.17,46.35,4657.74,54.0,5315.71
4,1,0,0,6,6.3,1302.48,15.84,2243.59,25.38,3185.03,34.92,4126.8,44.46,5068.9,54.0,6011.33
5,1,0,0,6,23.18,2728.0,29.34,3272.34,35.51,3817.41,41.67,4363.22,47.84,4909.78,54.0,5457.07
6,1,0,0,6,23.19,2472.01,28.55,2887.51,33.91,3303.45,39.28,3719.83,44.64,4136.65,50.0,4553.91
7,1,0,0,6,21.89,2489.5,30.31,3179.54,38.73,3870.09,47.16,4561.14,55.58,5252.71,64.0,5944.79
8,1,0,0,6,26.28,3142.62,31.82,3661.92,37.37,4181.6,42.91,4701.66,48.46,5222.11,54.0,5742.93
9,1,0,0,6,27.6,1761.27,42.88,2317.81,58.16,2874.79,73.44,3432.22,88.72,3990.09,104.0,4548.41
10,1,0,0,6,48.44,2830.88,59.55,3306.86,70.66,3784.24,81.78,4263.03,92.89,4743.23,104.0,5224.84
11,1,0,0,6,20.52,1414.15,27.82,1673.23,35.11,1933.03,42.41,2193.55,49.7,2454.79,57.0,2716.76
12,1,0,0,6,14.65,1239.77,23.12,1560.23,31.59,1881.06,40.06,2202.28,48.53,2523.88,57.0,2845.85
13,1,0,0,6,28.41,1784.28,34.13,2005.42,39.85,2227.1,45.56,2449.31,51.28,2672.06,57.0,2895.33
14,1,0,0,6,24.09,1568.03,30.67,1809.16,37.25,2051.12,43.84,2293.91,50.42,2537.53,57.0,2781.98
15,1,0,0,6,14.15,1181.94,22.72,1482.62,31.29,1784.32,39.86,2087.06,48.43,2390.82,57.0,2695.62
16,1,0,0,6,13.05,1173.77,21.84,1502.65,30.63,1832.14,39.42,2162.24,48.21,2492.94,57.0,2824.25
17,1,0,0,6,13.03,1138.37,21.82,1444.02,30.62,1750.13,39.41,2056.7,48.21,2363.74,57.0,2671.25
18,1,0,0,6,25.07,1624.88,31.46,1864.16,37.84,2103.79,44.23,2343.77,50.61,2584.09,57.0,2824.77
19,1,0,0,6,25.87,3151.07,32.3,3763.14,38.72,4375.49,45.15,4988.12,51.57,5601.04,58.0,6214.24
20,1,0,0,6,25.9,2888.49,32.32,3434.19,38.74,3980.39,45.16,4527.09,51.58,5074.29,58.0,5622.0
21,1,0,0,6,10.82,1636.3,20.26,2464.17,29.69,3292.89,39.13,4122.44,48.56,4952.84,58.0,5784.08
22,1,0,0,6,8.97,1449.39,18.78,2282.82,28.58,3116.97,38.39,3951.81,48.19,4787.36,58.0,5623.62
23,1,0,0,6,17.69,2374.68,25.75,3143.82,33.81,3913.45,41.88,4683.57,49.94,5454.18,58.0,6225.29
24,1,0,0,6,26.75,3318.84,33.0,3933.75,39.25,4549.16,45.5,5165.08,51.75,5781.49,58.0,6398.4
25,1,0,0,6,3.03,0.0,5.02,0.0,7.02,0.0,9.01,0.0,11.01,0.0,13.0,0.0
26,1,0,0,6,149.2,4403.0,252.16,6495.72,355.12,8624.48,458.08,10789.28,561.04,12990.13,664.0,15227.02
27,1,0,0,6,76.51,3058.27,193.81,5646.66,311.11,8277.17,428.4,10949.77,545.7,13664.47,663.0,16421.28
28,1,0,0,6,224.35,0.0,301.48,0.0,378.61,0.0,455.74,0.0,532.87,0.0,610.0,0.0
29,1,0,0,6,183.07,0.0,261.86,0.0,340.64,0.0,419.43,0.0,498.21,0.0,577.0,0.0
30,1,0,0,6,1.49,0.0,3.79,0.0,6.09,0.0,8.4,0.0,10.7,0.0,13.0,0.0
31,1,0,0,6,165.98,9143.68,243.18,11965.61,320.39,14821.32,397.59,17710.79,474.8,20634.04,552.0,23591.06
32,1,0,0,6,34.5,2446.52,82.2,4433.35,129.9,6460.31,177.6,8527.38,225.3,10634.57,273.0,12781.87
33,1,0,0,6,44.2,2749.67,69.16,3820.45,94.12,4897.6,119.08,5981.12,144.04,7071.01,169.0,8167.27
34,1,0,0,6,29.81,2126.26,57.65,3314.83,85.49,4513.63,113.32,5722.66,141.16,6941.93,169.0,8171.43
35,1,0,0,6,201.18,3342.34,416.94,5747.24,632.71,8291.8,848.47,10976.02,1064.24,13799.9,1280.0,16763.45
36,1,0,0,6,178.29,2971.04,398.63,5283.39,618.97,7741.4,839.32,10345.05,1059.66,13094.36,1280.0,15989.32
37,1,0,0,6,34.89,2505.72,44.11,2977.32,53.33,3449.96,62.56,3923.63,71.78,4398.34,81.0,4874.09
38,1,0,0,6,13.8,1368.87,27.24,1999.36,40.68,2633.2,54.12,3270.42,67.56,3911.0,81.0,4554.94
39,1,0,0,6,3.97,0.0,9.18,0.0,14.38,0.0,19.59,0.0,24.79,0.0,30.0,0.0
40,1,0,0,6,20.03,1119.86,31.02,1343.44,42.02,1567.18,53.01,1791.05,64.01,2015.08,75.0,2239.25
41,1,0,0,6,7.5,873.0,21.0,1161.9,34.5,1454.04,48.0,1749.42,61.5,2048.04,75.0,2349.89
42,1,0,0,6,27.46,1250.2,36.97,1436.38,46.48,1622.71,55.98,1809.2,65.49,1995.84,75.0,2182.63
43,1,0,0,6,19.31,1293.82,30.45,1629.12,41.59,1966.48,52.72,2305.87,63.86,2647.32,75.0,2990.81
44,1,0,0,6,17.39,995.74,22.41,1091.61,27.43,1187.68,32.46,1283.95,37.48,1380.43,42.5,1477.1
45,1,0,0,6,13.43,0.0,16.34,0.0,19.26,0.0,22.17,0.0,25.09,0.0,28.0,0.0
46,1,0,0,6,12.12,0.0,15.3,0.0,18.47,0.0,21.65,0.0,24.82,0.0,28.0,0.0
47,1,0,0,6,5.59,0.0,8.07,0.0,10.55,0.0,13.04,0.0,15.52,0.0,18.0,0.0
48,1,0,0,6,5.77,0.0,8.22,0.0,10.66,0.0,13.11,0.0,15.55,0.0,18.0,0.0
49,1,0,0,6,1.93,0.0,5.14,0.0,8.36,0.0,11.57,0.0,14.79,0.0,18.0,0.0
50,1,0,0,6,2.1,0.0,5.28,0.0,8.46,0.0,11.64,0.0,14.82,0.0,18.0,0.0
51,1,0,0,6,68.38,2405.39,82.7,2739.58,97.03,3076.71,111.35,3416.77,125.68,3759.77,140.0,4105.69
52,1,0,0,6,36.59,1558.41,47.27,1798.8,57.95,2039.48,68.64,2280.47,79.32,2521.75,90.0,2763.32
53,1,0,0,6,14.6,0.0,18.08,0.0,21.56,0.0,25.04,0.0,28.52,0.0,32.0,0.0
54,1,0,0,6,14.84,0.0,18.27,0.0,21.7,0.0,25.14,0.0,28.57,0.0,32.0,0.0
55,1,0,0,6,11.82,0.0,15.86,0.0,19.89,0.0,23.93,0.0,27.96,0.0,32.0,0.0
56,1,0,0,6,12.15,974.61,22.92,1218.91,33.69,1464.73,44.46,1712.04,55.23,1960.87,66.0,2211.21
57,1,0,0,6,20.23,1189.4,29.38,1411.31,38.54,1634.27,47.69,1858.29,56.85,2083.37,66.0,2309.5
58,1,0,0,6,19.26,1181.01,27.81,1397.6,36.36,1615.54,44.9,1834.84,53.45,2055.5,62.0,2277.5
59,1,0,0,6,10.92,949.89,22.54,1211.99,34.15,1476.1,45.77,1742.21,57.38,2010.34,69.0,2280.48
60,1,0,0,6,25.93,2004.58,34.54,2436.8,43.16,2870.15,51.77,3304.62,60.39,3740.22,69.0,4176.94
61,1,0,0,6,14.26,0.0,19.01,0.0,23.76,0.0,28.5,0.0,33.25,0.0,38.0,0.0
62,1,0,0,6,9.49,0.0,14.59,0.0,19.69,0.0,24.8,0.0,29.9,0.0,35.0,0.0
63,1,0,0,6,6.4,2201.23,14.12,2443.97,21.84,2687.31,29.56,2931.24,37.28,3175.76,45.0,3420.89
64,1,0,0,6,11.11,2349.8,17.89,2563.21,24.67,2777.07,31.44,2991.4,38.22,3206.18,45.0,3421.43
65,1,0,0,6,24.7,1502.4,34.76,1824.11,44.82,2147.39,54.88,2472.23,64.94,2798.63,75.0,3126.59
66,1,0,0,6,34.86,1878.76,41.89,2115.4,48.92,2352.65,55.94,2590.52,62.97,2829.01,70.0,3068.12
67,1,0,0,6,58.9,2033.24,71.14,2293.64,83.38,2555.4,95.62,2818.52,107.86,3082.99,120.1,3348.82
68,1,0,0,6,30.42,1395.31,38.14,1570.79,45.85,1746.89,53.57,1923.62,61.28,2100.98,69.0,2278.96
69,1,0,0,6,32.31,1399.36,39.81,1560.57,47.31,1722.5,54.8,1885.15,62.3,2048.53,69.8,2212.63
70,1,0,0,6,11.29,974.43,22.99,1254.0,34.69,1534.44,46.4,1815.75,58.1,2097.92,69.8,2380.96
71,1,0,0,6,19.97,1154.88,30.0,1380.67,40.02,1608.31,50.05,1837.79,60.07,2069.13,70.1,2302.3
72,1,0,0,6,8.34,892.79,20.67,1170.47,33.0,1449.55,45.34,1730.03,57.67,2011.9,70.0,2295.17
73,1,0,0,6,21.65,1176.21,31.0,1380.75,40.35,1585.51,49.7,1790.49,59.05,1995.68,68.4,2201.1
74,1,0,0,6,42.26,1780.29,61.61,2225.2,80.96,2676.51,100.3,3134.21,119.65,3598.31,139.0,4068.81
75,1,0,0,6,37.35,1581.17,50.68,1875.67,64.01,2170.83,77.34,2466.64,90.67,2763.11,104.0,3060.24
76,1,0,0,6,32.22,1456.56,46.58,1768.7,60.93,2081.72,75.29,2395.61,89.64,2710.37,104.0,3026.0
77,1,0,0,6,13.48,1053.03,31.58,1451.95,49.69,1851.27,67.79,2250.99,85.9,2651.12,104.0,3051.65
78,1,0,0,6,23.14,1275.69,37.63,1609.05,52.12,1944.26,66.62,2281.34,81.11,2620.28,95.6,2961.08
79,1,0,0,6,32.87,1478.25,45.42,1758.74,57.96,2041.8,70.51,2327.46,83.05,2615.7,95.6,2906.53
80,1,0,0,6,46.3,1751.38,56.08,1964.43,65.86,2177.83,75.64,2391.6,85.42,2605.73,95.2,2820.22
81,1,0,0,6,26.43,1299.41,34.8,1488.55,43.18,1678.66,51.55,1869.75,59.93,2061.81,68.3,2254.85
82,1,0,0,6,33.36,1472.98,40.35,1634.39,47.34,1796.33,54.32,1958.79,61.31,2121.79,68.3,2285.31
83,1,0,0,6,15.74,0.0,19.59,0.0,23.44,0.0,27.3,0.0,31.15,0.0,35.0,0.0
84,1,0,0,6,24.7,1463.26,31.6,1679.61,38.5,1896.74,45.4,2114.65,52.3,2333.34,59.2,2552.82
85,1,0,0,6,16.48,1174.01,26.98,1473.9,37.49,1773.94,47.99,2074.13,58.5,2374.46,69.0,2674.94
86,1,0,0,6,22.97,1331.98,32.18,1583.87,41.38,1836.83,50.59,2090.87,59.79,2345.99,69.0,2602.19
87,1,0,0,6,5.19,0.0,10.95,0.0,16.71,0.0,22.48,0.0,28.24,0.0,34.0,0.0
88,1,0,0,6,28.92,1548.04,55.14,2189.88,81.35,2844.46,107.57,3511.78,133.78,4191.85,160.0,4884.65
89,1,0,0,6,30.33,1405.29,38.86,1601.07,47.4,1797.47,55.93,1994.5,64.47,2192.15,73.0,2390.42
90,1,0,0,6,20.77,1220.78,31.22,1477.92,41.66,1735.79,52.11,1994.39,62.55,2253.72,73.0,2513.79
91,1,0,0,6,24.52,1276.92,34.22,1501.3,43.91,1725.79,53.61,1950.4,63.3,2175.12,73.0,2399.97
92,1,0,0,6,26.33,1545.52,42.86,2036.6,59.4,2529.01,75.93,3022.75,92.47,3517.83,109.0,4014.25
93,1,0,0,6,27.46,1558.88,43.77,2031.24,60.08,2507.22,76.38,2986.83,92.69,3470.07,109.0,3956.93
94,1,0,0,6,46.9,2154.49,59.32,2522.85,71.74,2892.49,84.16,3263.42,96.58,3635.63,109.0,4009.13
95,1,0,0,6,47.78,2107.26,60.02,2451.62,72.27,2798.7,84.51,3148.51,96.76,3501.06,109.0,3856.34
96,1,0,0,6,16.83,1280.9,46.46,2044.02,76.1,2812.96,105.73,3587.71,135.37,4368.28,165.0,5154.66
97,1,0,0,6,49.54,1914.4,72.63,2411.72,95.72,2909.87,118.82,3408.86,141.91,3908.68,165.0,4409.35
98,1,0,0,6,71.73,2619.28,90.38,3080.05,109.04,3542.11,127.69,4005.46,146.35,4470.11,165.0,4936.05
99,1,0,0,6,58.52,2294.92,79.82,2821.65,101.11,3351.21,122.41,3883.59,143.7,4418.8,165.0,4956.84
100,1,0,0,6,8.55,887.23,18.84,1124.59,29.13,1362.56,39.42,1601.14,49.71,1840.32,60.0,2080.11
101,1,0,0,6,37.94,1798.9,62.75,2424.03,87.56,3057.69,112.38,3699.87,137.19,4350.58,162.0,5009.8
102,1,0,0,6,69.97,2433.82,88.38,2852.3,106.78,3271.2,125.19,3690.52,143.59,4110.28,162.0,4530.46
103,1,0,0,6,59.93,2241.99,80.54,2722.68,101.16,3205.3,121.77,3689.87,142.39,4176.37,163.0,4664.8
104,1,0,0,6,42.35,1820.02,66.08,2368.31,89.81,2926.99,113.54,3496.06,137.27,4075.5,161.0,4665.34
105,1,0,0,6,63.29,2176.61,77.83,2491.99,92.37,2810.62,106.92,3132.51,121.46,3457.65,136.0,3786.04
106,1,0,0,6,82.41,2624.02,108.93,3171.54,135.45,3728.55,161.96,4295.06,188.48,4871.05,215.0,5456.54
107,1,0,0,6,90.78,2579.91,109.62,2933.29,128.47,3290.84,147.31,3652.55,166.16,4018.42,185.0,4388.45
108,1,0,0,6,44.07,1722.28,72.26,2262.58,100.44,2814.43,128.63,3377.82,156.81,3952.77,185.0,4539.27
109,1,0,0,6,66.98,2010.32,90.18,2403.8,113.39,2800.81,136.59,3201.36,159.8,3605.43,183.0,4013.03
110,1,0,0,6,5.26,0.0,6.55,0.0,7.84,0.0,9.12,0.0,10.41,0.0,11.7,0.0
111,1,0,0,6,9.54,919.31,22.63,1203.11,35.72,1488.4,48.82,1775.17,61.91,2063.42,75.0,2353.15
112,1,0,0,6,110.38,3612.44,143.3,4387.94,176.23,5180.04,209.15,5988.72,242.08,6813.99,275.0,7655.84
113,1,0,0,6,74.33,2537.66,94.46,2991.42,114.6,3449.79,134.73,3912.79,154.87,4380.4,175.0,4852.63
114,1,0,0,6,77.27,0.0,96.82,0.0,116.36,0.0,135.91,0.0,155.45,0.0,175.0,0.0
115,1,0,0,6,38.81,1760.55,66.05,2390.84,93.29,3035.38,120.52,3694.18,147.76,4367.25,175.0,5054.58
116,1,0,0,6,95.32,3458.45,114.86,3984.96,134.39,4515.06,153.93,5048.76,173.46,5586.04,193.0,6126.92
117,1,0,0,6,37.65,1896.52,63.32,2610.73,88.99,3337.28,114.66,4076.18,140.33,4827.42,166.0,5591.0
118,1,0,0,6,44.21,2066.55,68.57,2737.38,92.93,3409.75,117.28,4083.67,141.64,4759.13,166.0,5436.14
119,1,0,0,6,10.31,1096.5,15.85,1332.57,21.39,1568.86,26.92,1805.35,32.46,2042.06,38.0,2278.98
120,1,0,0,6,18.13,1469.44,22.1,1647.52,26.08,1825.77,30.05,2004.2,34.03,2182.8,38.0,2361.57
121,1,0,0,6,5.07,898.23,11.66,1211.59,18.24,1525.63,24.83,1840.34,31.41,2155.73,38.0,2471.8
122,1,0,0,6,6.14,923.35,12.51,1199.77,18.88,1476.9,25.26,1754.75,31.63,2033.31,38.0,2312.58
123,1,0,0,6,37.51,2000.86,86.41,3275.59,135.31,4564.51,184.2,5867.6,233.1,7184.86,282.0,8516.31
124,1,0,0,6,24.1,1433.4,53.24,2133.12,82.38,2847.34,111.52,3576.05,140.66,4319.25,169.8,5076.95
125,1,0,0,6,20.63,1337.0,50.46,2034.47,80.3,2735.94,110.13,3441.42,139.97,4150.9,169.8,4864.38
126,1,0,0,6,35.46,1709.11,62.33,2356.5,89.2,3013.64,116.06,3680.53,142.93,4357.18,169.8,5043.57
127,1,0,0,6,32.88,1607.87,60.26,2235.15,87.65,2868.09,115.03,3506.69,142.42,4150.94,169.8,4800.85
128,1,0,0,6,66.37,2691.37,84.06,3186.79,101.74,3683.03,119.43,4180.09,137.11,4677.97,154.8,5176.66
129,1,0,0,6,9.55,913.07,22.64,1187.98,35.73,1464.28,48.82,1741.96,61.91,2021.02,75.0,2301.46
130,1,0,0,6,39.06,1670.57,62.85,2178.23,86.64,2689.47,110.42,3204.29,134.21,3722.7,158.0,4244.69
131,1,0,0,6,44.23,1873.03,66.98,2406.01,89.74,2944.16,112.49,3487.48,135.25,4035.97,158.0,4589.63
132,1,0,0,6,21.32,1314.51,48.66,1926.76,75.99,2539.51,103.33,3152.76,130.66,3766.51,158.0,4380.75
133,1,0,0,6,32.86,1430.12,41.29,1614.18,49.72,1798.6,58.14,1983.39,66.57,2168.55,75.0,2354.07
134,1,0,0,6,36.35,1537.37,62.96,2037.56,89.57,2549.4,116.18,3072.9,142.79,3608.04,169.4,4154.84
135,1,0,0,6,22.87,1095.99,28.3,1195.87,33.72,1296.04,39.15,1396.5,44.57,1497.25,50.0,1598.29
136,1,0,0,6,44.23,2132.51,54.98,2469.38,65.74,2806.91,76.49,3145.09,87.25,3483.94,98.0,3823.45
137,1,0,0,6,33.19,1706.97,46.15,2081.87,59.11,2458.14,72.08,2835.76,85.04,3214.75,98.0,3595.09
138,1,0,0,6,8.33,953.59,21.06,1329.02,33.8,1704.84,46.53,2081.04,59.27,2457.62,72.0,2834.58
139,1,0,0,6,25.74,1513.51,34.99,1803.04,44.24,2092.73,53.5,2382.59,62.75,2672.61,72.0,2962.79
140,1,0,0,6,13.5,1117.27,25.2,1471.97,36.9,1826.92,48.6,2182.12,60.3,2537.58,72.0,2893.28
141,1,0,0,6,10.13,1046.8,22.5,1460.64,34.88,1875.65,47.25,2291.81,59.63,2709.12,72.0,3127.59
142,1,0,0,6,74.41,2934.41,93.93,3479.07,113.45,4028.94,132.96,4584.05,152.48,5144.38,172.0,5709.93
143,1,0,0,6,22.41,1438.84,50.93,2191.36,79.45,2951.12,107.96,3718.12,136.48,4492.36,165.0,5273.83
144,1,0,0,6,66.8,2802.15,86.44,3376.84,106.08,3956.89,125.72,4542.29,145.36,5133.05,165.0,5729.17
145,1,0,0,6,2.28,0.0,4.28,0.0,6.29,0.0,8.29,0.0,10.3,0.0,12.3,0.0
146,1,0,0,6,6.91,835.1,15.13,1029.07,23.35,1223.36,31.56,1417.97,39.78,1612.91,48.0,1808.17
147,1,0,0,6,12.81,1536.35,25.05,2324.86,37.29,3115.7,49.52,3908.88,61.76,4704.4,74.0,5502.27
148,1,0,0,6,4.91,0.0,6.73,0.0,8.55,0.0,10.36,0.0,12.18,0.0,14.0,0.0
149,1,0,0,6,32.63,1638.93,40.1,1852.85,47.58,2066.99,55.05,2281.36,62.53,2495.94,70.0,2710.75
150,1,0,0,6,220.95,8553.75,271.26,10095.81,321.57,11647.39,371.88,13208.48,422.19,14779.1,472.5,16359.23
151,1,0,0,6,51.41,2775.71,107.51,4606.57,163.61,6457.94,219.7,8329.84,275.8,10222.25,331.9,12135.19
152,1,0,0,6,156.21,5751.96,192.03,6817.95,227.85,7892.5,263.66,8975.62,299.48,10067.29,335.3,11167.54
153,1,0,0,6,7.28,885.36,16.62,1147.67,25.97,1410.51,35.31,1673.89,44.66,1937.81,54.0,2202.28
154,1,0,0,6,10.18,919.8,18.94,1125.39,27.71,1331.41,36.47,1537.88,45.24,1744.79,54.0,1952.14
155,1,0,0,6,19.57,1178.18,26.46,1353.13,33.34,1528.57,40.23,1704.51,47.11,1880.95,54.0,2057.9
156,1,0,0,6,24.34,1318.9,30.27,1474.36,36.2,1630.31,42.14,1786.75,48.07,1943.67,54.0,2101.07
157,1,0,0,6,14.99,1123.86,22.79,1354.36,30.59,1586.12,38.4,1819.14,46.2,2053.41,54.0,2288.95
158,1,0,0,6,18.36,1157.23,25.49,1342.13,32.62,1527.33,39.74,1712.85,46.87,1898.69,54.0,2084.84
159,1,0,0,6,13.77,1112.38,20.02,1314.17,26.26,1516.04,32.51,1717.99,38.75,1920.01,45.0,2122.11
160,1,0,0,6,10.04,971.03,17.03,1182.41,24.02,1394.43,31.02,1607.1,38.01,1820.41,45.0,2034.36
161,1,0,0,6,41.9,1866.54,56.92,2257.65,71.94,2649.77,86.96,3042.91,101.98,3437.07,117.0,3832.25
162,1,0,0,6,1.83,0.0,3.46,0.0,5.1,0.0,6.73,0.0,8.37,0.0,10.0,0.0
163,1,0,0,6,3.8,0.0,5.04,0.0,6.28,0.0,7.52,0.0,8.76,0.0,10.0,0.0
164,1,0,0,6,2.08,0.0,3.66,0.0,5.25,0.0,6.83,0.0,8.42,0.0,10.0,0.0
165,1,0,0,6,4.6,882.36,12.88,1266.4,21.16,1651.53,29.44,2037.75,37.72,2425.05,46.0,2813.44
166,1,0,0,6,7.34,997.66,15.07,1343.87,22.8,1690.68,30.54,2038.08,38.27,2386.07,46.0,2734.65
167,1,0,0,6,9.75,0.0,17.0,0.0,24.25,0.0,31.5,0.0,38.75,0.0,46.0,0.0
168,1,0,0,6,7.55,967.23,15.24,1271.0,22.93,1575.48,30.62,1880.67,38.31,2186.57,46.0,2493.19
169,1,0,0,6,184.51,10319.4,231.61,12717.18,278.71,15157.86,325.8,17641.44,372.9,20167.91,420.0,22737.28
170,1,0,0,6,112.96,5492.28,172.37,7979.53,231.78,10499.31,291.18,13051.64,350.59,15636.5,410.0,18253.89
171,1,0,0,6,12.14,1211.62,19.31,1530.42,26.48,1849.5,33.66,2168.86,40.83,2488.5,48.0,2808.42
172,1,0,0,6,13.89,1268.52,20.71,1561.49,27.53,1854.96,34.36,2148.92,41.18,2443.36,48.0,2738.3
173,1,0,0,6,17.18,1330.6,23.34,1566.9,29.51,1803.68,35.67,2040.94,41.84,2278.69,48.0,2516.92
174,1,0,0,6,17.96,1431.61,23.77,1677.75,29.58,1924.21,35.38,2171.0,41.19,2418.11,47.0,2665.56
175,1,0,0,6,57.33,3163.58,128.26,6093.53,199.2,9112.33,270.13,12219.98,341.07,15416.48,412.0,18701.83
176,1,0,0,6,83.66,4573.84,112.93,5843.38,142.2,7125.97,171.46,8421.64,200.73,9730.37,230.0,11052.17
177,1,0,0,6,48.81,2941.86,82.45,4331.46,116.09,5726.06,149.72,7125.65,183.36,8530.24,217.0,9939.82
178,1,0,0,6,2.73,703.15,3.86,740.77,5.0,778.39,6.13,816.03,7.27,853.68,8.4,891.33
179,1,0,0,6,3.98,769.21,4.86,804.0,5.75,838.8,6.63,873.6,7.52,908.42,8.4,943.25
180,1,0,0,6,3.63,743.47,4.58,777.87,5.54,812.27,6.49,846.69,7.45,881.12,8.4,915.56
181,1,0,0,6,4.14,758.12,4.99,788.07,5.84,818.03,6.7,847.99,7.55,877.97,8.4,907.95
182,1,0,0,6,3.44,0.0,4.43,0.0,5.42,0.0,6.42,0.0,7.41,0.0,8.4,0.0
183,1,0,0,6,1.32,658.82,2.74,708.39,4.15,758.01,5.57,807.66,6.98,857.34,8.4,907.06
184,1,0,0,6,2.6,703.89,3.76,744.62,4.92,785.37,6.08,826.14,7.24,866.93,8.4,907.74
185,1,0,0,6,2.89,0.0,3.99,0.0,5.09,0.0,6.2,0.0,7.3,0.0,8.4,0.0
186,1,0,0,6,3.04,725.98,4.11,765.96,5.18,805.95,6.26,845.96,7.33,885.99,8.4,926.03
187,1,0,0,6,2.48,700.32,3.66,742.21,4.85,784.11,6.03,826.04,7.22,867.99,8.4,909.97
188,1,0,0,6,1.26,655.3,2.69,703.69,4.12,752.11,5.54,800.55,6.97,849.02,8.4,897.51
189,1,0,0,6,2.19,695.41,3.43,742.38,4.67,789.35,5.92,836.34,7.16,883.34,8.4,930.34
190,1,0,0,6,4.13,765.59,4.98,797.22,5.84,828.87,6.69,860.52,7.55,892.18,8.4,923.86
191,1,0,0,6,1.47,665.42,2.86,715.22,4.24,765.05,5.63,814.9,7.01,864.77,8.4,914.67
192,1,0,0,6,3.36,737.0,4.37,774.32,5.38,811.66,6.38,849.0,7.39,886.36,8.4,923.74
193,1,0,0,6,1.35,656.18,2.76,701.7,4.17,747.24,5.58,792.8,6.99,838.39,8.4,884.0
194,1,0,0,6,2.04,686.17,3.31,732.04,4.58,777.93,5.86,823.85,7.13,869.78,8.4,915.74
195,1,0,0,6,3.46,731.12,4.45,764.96,5.44,798.81,6.42,832.68,7.41,866.55,8.4,900.44
196,1,0,0,6,1.34,660.95,2.75,711.9,4.16,762.88,5.58,813.88,6.99,864.9,8.4,915.95
197,1,0,0,6,1.71,677.26,3.05,727.85,4.39,778.46,5.72,829.1,7.06,879.75,8.4,930.43
198,1,0,0,6,3.28,733.17,4.3,770.81,5.33,808.46,6.35,846.13,7.38,883.81,8.4,921.51
199,1,0,0,6,4.12,769.86,4.98,802.53,5.83,835.21,6.69,867.9,7.54,900.61,8.4,933.32
200,1,0,0,6,2.73,719.16,3.86,763.42,5.0,807.7,6.13,852.0,7.27,896.31,8.4,940.65
201,1,0,0,6,1.02,653.61,2.5,712.96,3.97,772.33,5.45,831.73,6.92,891.15,8.4,950.6
202,1,0,0,6,108.51,3789.03,170.81,5247.84,233.11,6711.92,295.4,8181.29,357.7,9655.93,420.0,11135.85
203,1,0,0,6,201.97,0.0,245.58,0.0,289.18,0.0,332.79,0.0,376.39,0.0,420.0,0.0
204,1,0,0,6,136.06,4477.6,187.05,5693.3,238.04,6912.32,289.02,8134.67,340.01,9360.35,391.0,10589.35
205,1,0,0,6,205.15,5588.33,321.12,7938.39,437.09,10347.89,553.06,12816.84,669.03,15345.23,785.0,17933.07
206,1,0,0,6,237.11,6573.86,301.69,8005.24,366.27,9464.98,430.84,10953.07,495.42,12469.53,560.0,14014.34
207,1,0,0,6,83.8,3517.83,105.04,4185.14,126.28,4857.0,147.52,5533.39,168.76,6214.31,190.0,6899.77
208,1,0,0,6,30.66,1801.71,57.33,2632.98,84.0,3476.07,110.66,4331.0,137.33,5197.75,164.0,6076.33
209,1,0,0,6,75.59,3091.24,93.27,3616.45,110.95,4146.71,128.64,4682.02,146.32,5222.39,164.0,5767.81
210,1,0,0,6,3.91,25.6,5.83,38.16,7.75,50.74,9.66,63.36,11.58,76.0,13.5,88.68
211,1,0,0,6,20.75,77.9,36.56,137.26,52.37,197.11,68.18,257.47,83.99,318.32,99.8,379.68
212,1,0,0,6,1.22,6.86,2.96,16.63,4.69,26.42,6.43,36.24,8.16,46.08,9.9,55.95
213,1,0,0,6,3.02,12.56,4.4,18.28,5.77,24.02,7.15,29.78,8.52,35.56,9.9,41.35
214,1,0,0,6,4.92,44.18,12.08,108.44,19.23,172.81,26.39,237.27,33.54,301.84,40.7,366.51
215,1,0,0,6,8.22,58.77,14.5,103.64,20.77,148.59,27.05,193.62,33.32,238.73,39.6,283.92
216,1,0,0,6,32.82,256.56,46.26,361.59,59.69,466.98,73.13,572.73,86.56,678.84,100.0,785.32
217,1,0,0,6,1.39,2114.87,3.11,2257.19,4.83,2399.56,6.56,2541.98,8.28,2684.47,10.0,2827.01
218,1,0,0,6,61.95,5569.64,163.16,9216.27,264.37,12907.36,365.58,16642.91,466.79,20422.92,568.0,24247.37
219,1,0,0,6,20.72,1764.92,40.18,2692.58,59.63,3620.97,79.09,4550.1,98.54,5479.96,118.0,6410.55
220,1,0,0,6,26.64,2191.08,45.71,3199.14,64.78,4209.54,83.86,5222.28,102.93,6237.35,122.0,7254.76
221,1,0,0,6,39.1,0.0,80.3,0.0,121.5,0.0,162.7,0.0,203.9,0.0,245.1,0.0
222,1,0,0,6,52.69,2279.74,65.03,2633.01,77.37,2987.64,89.72,3343.63,102.06,3700.99,114.4,4059.72
223,1,0,0,6,183.65,5774.09,228.52,7006.39,273.39,8252.97,318.26,9513.82,363.13,10788.95,408.0,12078.36
224,1,0,0,6,101.43,2828.41,162.74,4096.68,224.06,5411.84,285.37,6773.9,346.69,8182.85,408.0,9638.71
225,1,0,0,6,24.75,1538.52,53.2,2329.39,81.65,3132.8,110.1,3948.76,138.55,4777.26,167.0,5618.3
226,1,0,0,6,52.33,2223.91,73.66,2788.71,95.0,3359.19,116.33,3935.33,137.67,4517.15,159.0,5104.64
227,1,0,0,6,45.96,2087.9,68.57,2702.48,91.18,3322.33,113.78,3947.45,136.39,4577.82,159.0,5213.46
228,1,0,0,6,72.75,2814.48,91.6,3323.36,110.45,3833.36,129.3,4344.49,148.15,4856.73,167.0,5370.1
229,1,0,0,6,47.33,2010.95,69.66,2564.2,92.0,3123.21,114.33,3687.96,136.67,4258.46,159.0,4834.7
230,1,0,0,6,69.07,2781.06,87.06,3286.9,105.04,3796.19,123.03,4308.91,141.01,4825.06,159.0,5344.66
231,1,0,0,6,15.03,1526.76,22.42,1944.31,29.82,2362.77,37.21,2782.15,44.61,3202.46,52.0,3623.68
232,1,0,0,6,22.65,2011.14,28.52,2356.63,34.39,2702.34,40.26,3048.26,46.13,3394.38,52.0,3740.71
233,1,0,0,6,15.48,1549.78,22.78,1961.12,30.09,2373.49,37.39,2786.89,44.7,3201.32,52.0,3616.78
234,1,0,0,6,22.59,1954.87,28.47,2287.35,34.35,2620.22,40.24,2953.5,46.12,3287.18,52.0,3621.26
235,1,0,0,6,102.82,5191.89,163.06,7843.81,223.29,10549.38,283.53,13308.59,343.76,16121.44,404.0,18987.93
236,1,0,0,6,80.03,4292.16,128.02,6218.5,176.02,8178.02,224.01,10170.74,272.01,12196.66,320.0,14255.76
237,1,0,0,6,3.96,103.09,4.81,125.16,5.66,147.25,6.5,169.35,7.35,191.47,8.2,213.6
238,1,0,0,6,2.52,63.14,3.78,94.61,5.03,126.1,6.29,157.6,7.54,189.12,8.8,220.65
239,1,0,0,6,5.0,106.65,9.4,200.51,13.8,294.4,18.2,388.33,22.6,482.3,27.0,576.31
240,1,0,0,6,3.61,94.25,8.29,216.39,12.97,338.61,17.64,460.93,22.32,583.33,27.0,705.81
241,1,0,0,6,3.25,83.39,6.56,168.31,9.87,253.28,13.18,338.3,16.49,423.36,19.8,508.46
242,1,0,0,6,9.12,211.38,11.26,260.89,13.39,310.44,15.53,360.04,17.66,409.69,19.8,459.38
243,1,0,0,6,10.71,253.45,15.77,373.14,20.83,492.89,25.88,612.68,30.94,732.53,36.0,852.43
244,1,0,0,6,6.42,159.23,12.34,305.97,18.25,452.77,24.17,599.64,30.08,746.59,36.0,893.6
245,1,0,0,6,13.5,317.81,18.0,423.75,22.5,529.72,27.0,635.74,31.5,741.8,36.0,847.9
246,1,0,0,6,141.54,0.0,180.23,0.0,218.92,0.0,257.62,0.0,296.31,0.0,335.0,0.0
247,1,0,0,6,66.98,3090.73,80.78,3562.0,94.59,4036.35,108.39,4513.76,122.2,4994.25,136.0,5477.8
248,1,0,0,6,17.25,1444.13,41.0,2325.47,64.75,3208.99,88.5,4094.7,112.25,4982.58,136.0,5872.66
249,1,0,0,6,25.92,1472.25,56.74,2188.25,87.55,2909.53,118.37,3636.1,149.18,4367.95,180.0,5105.08
250,1,0,0,6,54.02,2343.87,76.82,2973.43,99.61,3604.4,122.41,4236.77,145.2,4870.56,168.0,5505.75
251,1,0,0,6,18.08,1326.8,48.06,2114.21,78.05,2912.22,108.03,3720.81,138.02,4539.99,168.0,5369.77
252,1,0,0,6,72.34,2957.1,90.07,3475.68,107.8,3996.66,125.54,4520.04,143.27,5045.82,161.0,5574.01
253,1,0,0,6,54.56,2466.04,73.85,3045.65,93.14,3630.72,112.42,4221.24,131.71,4817.22,151.0,5418.66
254,1,0,0,6,14.72,1164.44,21.24,1382.89,27.75,1602.0,34.27,1821.78,40.78,2042.22,47.3,2263.32
255,1,0,0,6,20.33,1361.94,25.72,1545.28,31.12,1729.11,36.51,1913.43,41.91,2098.25,47.3,2283.57
256,1,0,0,6,6.4,890.84,14.58,1171.89,22.76,1453.38,30.94,1735.31,39.12,2017.68,47.3,2300.48
257,1,0,0,6,8.21,945.23,16.03,1206.41,23.85,1468.37,31.66,1731.1,39.48,1994.62,47.3,2258.9
258,1,0,0,6,21.59,1473.49,26.73,1664.63,31.87,1856.17,37.02,2048.1,42.16,2240.42,47.3,2433.14
259,1,0,0,6,8.3,981.3,16.1,1272.95,23.9,1565.6,31.7,1859.26,39.5,2153.92,47.3,2449.58
260,1,0,0,6,15.27,997.97,21.52,1132.23,27.76,1266.77,34.01,1401.61,40.25,1536.74,46.5,1672.15
261,1,0,0,6,5.05,754.59,10.64,870.92,16.23,987.45,21.82,1104.18,27.41,1221.11,33.0,1338.25
262,1,0,0,6,11.36,875.82,14.61,942.84,17.86,1010.05,21.1,1077.44,24.35,1145.01,27.6,1212.76
263,1,0,0,6,4.15,729.44,8.54,824.95,12.93,920.6,17.32,1016.37,21.71,1112.28,26.1,1208.32
264,1,0,0,6,84.98,3024.5,102.38,3468.2,119.79,3917.0,137.19,4370.91,154.6,4829.91,172.0,5294.01
265,1,0,0,6,66.92,2817.19,87.34,3416.28,107.75,4017.96,128.17,4622.24,148.58,5229.12,169.0,5838.59
266,1,0,0,6,83.87,3167.25,100.9,3636.96,117.92,4107.77,134.95,4579.71,151.97,5052.76,169.0,5526.93
267,1,0,0,6,27.43,1760.79,67.34,2954.4,107.26,4163.59,147.17,5388.34,187.09,6628.66,227.0,7884.55
268,1,0,0,6,38.5,1724.18,60.6,2241.19,82.7,2764.63,104.8,3294.5,126.9,3830.79,149.0,4373.51
269,1,0,0,6,71.65,2717.84,87.12,3126.85,102.59,3539.22,118.06,3954.97,133.53,4374.08,149.0,4796.56
270,1,0,0,6,17.07,1227.75,22.46,1405.0,27.84,1582.42,33.23,1760.02,38.61,1937.79,44.0,2115.74
271,1,0,0,6,15.94,1201.04,21.55,1389.42,27.16,1578.18,32.78,1767.33,38.39,1956.88,44.0,2146.81
272,1,0,0,6,20.27,1371.7,25.02,1536.93,29.76,1702.4,34.51,1868.09,39.25,2034.02,44.0,2200.19
273,1,0,0,6,12.07,1096.2,18.46,1323.8,24.84,1551.63,31.23,1779.67,37.61,2007.93,44.0,2236.4
274,1,0,0,6,11.38,91.23,15.1,121.09,18.83,151.0,22.55,180.97,26.28,210.99,30.0,241.06
275,1,0,0,6,134.04,6705.68,185.23,8814.11,236.42,10964.79,287.62,13157.71,338.81,15392.86,390.0,17670.26
276,1,0,0,6,97.44,5059.37,124.75,6210.92,152.06,7363.91,179.38,8518.33,206.69,9674.18,234.0,10831.47
277,1,0,0,6,110.02,5739.11,175.02,8438.2,240.01,11201.07,305.01,14027.74,370.0,16918.19,435.0,19872.44
278,1,0,0,6,65.72,0.0,139.58,0.0,213.43,0.0,287.29,0.0,361.14,0.0,435.0,0.0
279,1,0,0,6,141.35,6631.62,192.08,8583.7,242.81,10543.67,293.54,12511.52,344.27,14487.27,395.0,16470.9
280,1,0,0,6,40.82,2930.48,53.46,3603.59,66.09,4278.88,78.73,4956.34,91.36,5635.97,104.0,6317.76
281,1,0,0,6,22.69,1881.99,38.95,2688.99,55.21,3496.49,71.48,4304.49,87.74,5112.98,104.0,5921.98
282,1,0,0,6,90.83,4654.7,112.66,5557.27,134.5,6467.63,156.33,7385.79,178.17,8311.75,200.0,9245.5
283,1,0,0,6,26.66,0.0,41.33,0.0,56.0,0.0,70.66,0.0,85.33,0.0,100.0,0.0
284,1,0,0,6,8.92,1169.16,20.34,1770.87,31.75,2375.21,43.17,2982.17,54.58,3591.75,66.0,4203.95
285,1,0,0,6,571.44,7648.08,698.15,9120.85,824.86,10641.79,951.58,12210.9,1078.29,13828.17,1205.0,15493.61
286,1,0,0,6,212.97,3407.13,409.38,5627.05,605.78,7962.69,802.19,10414.06,998.59,12981.16,1195.0,15663.98
287,1,0,0,6,23.29,1857.46,32.83,2329.02,42.37,2801.13,51.92,3273.79,61.46,3747.02,71.0,4220.8
288,1,0,0,6,21.98,1900.6,31.58,2423.01,41.19,2947.05,50.79,3472.73,60.4,4000.04,70.0,4528.98
289,1,0,0,6,13.28,1430.99,24.62,2051.13,35.97,2671.55,47.31,3292.22,58.66,3913.16,70.0,4534.37
290,1,0,0,6,31.3,2339.34,39.24,2753.55,47.18,3168.37,55.12,3583.81,63.06,3999.86,71.0,4416.52
291,1,0,0,6,1.97,756.65,5.52,985.44,9.06,1214.44,12.61,1443.66,16.15,1673.1,19.7,1902.75
292,1,0,0,6,3.14,831.83,6.45,1045.19,9.76,1258.58,13.08,1472.01,16.39,1685.47,19.7,1898.97
293,1,0,0,6,3.54,834.63,6.77,1021.87,10.0,1209.25,13.24,1396.77,16.47,1584.44,19.7,1772.25
294,1,0,0,6,1.83,755.34,4.86,970.61,7.9,1185.91,10.93,1401.24,13.97,1616.6,17.0,1832.0
295,1,0,0,6,42.85,2172.06,66.88,2916.55,90.91,3661.41,114.94,4406.64,138.97,5152.24,163.0,5898.22
296,1,0,0,6,37.04,1878.01,50.43,2283.68,63.82,2689.69,77.22,3096.03,90.61,3502.72,104.0,3909.73
297,1,0,0,6,78.63,3449.99,118.9,4694.62,159.18,5940.36,199.45,7187.21,239.73,8435.18,280.0,9684.25
298,1,0,0,6,49.82,2241.34,82.36,3105.08,114.89,3974.93,147.43,4850.9,179.96,5732.97,212.5,6621.15
299,1,0,0,6,57.6,2696.96,88.58,3653.36,119.56,4625.15,150.54,5612.32,181.52,6614.88,212.5,7632.83
300,1,0,0,6,34.08,1953.75,85.36,3335.16,136.65,4736.69,187.93,6158.34,239.22,7600.12,290.5,9062.03
301,1,0,0,6,117.8,4167.82,152.34,5086.17,186.88,6012.54,221.42,6946.95,255.96,7889.39,290.5,8839.85
302,1,0,0,6,48.08,2089.02,71.46,2692.84,94.85,3303.85,118.23,3922.03,141.62,4547.4,165.0,5179.95
303,1,0,0,6,19.26,1367.13,48.41,2153.54,77.56,2954.16,106.7,3768.98,135.85,4598.01,165.0,5441.25
304,1,0,0,6,70.83,2953.44,89.66,3513.42,108.5,4078.35,127.33,4648.23,146.17,5223.05,165.0,5802.83
305,1,0,0,6,76.51,3049.23,94.21,3558.52,111.91,4071.59,129.6,4588.43,147.3,5109.05,165.0,5633.44
306,1,0,0,6,78.65,3210.94,108.92,4083.03,139.19,4963.24,169.46,5851.57,199.73,6748.03,230.0,7652.61
307,1,0,0,6,109.5,3990.49,132.6,4634.55,155.7,5288.26,178.8,5951.63,201.9,6624.66,225.0,7307.35
308,1,0,0,6,59.72,2624.7,92.78,3558.59,125.83,4498.31,158.89,5443.85,191.94,6395.22,225.0,7352.41
309,1,0,0,6,27.95,99.01,34.36,121.71,40.77,144.5,47.18,167.37,53.59,190.33,60.0,213.36
310,1,0,0,6,45.51,208.11,60.41,276.24,75.31,344.81,90.2,413.83,105.1,483.29,120.0,553.19
311,1,0,0,6,112.16,518.05,134.73,622.29,157.3,727.55,179.86,833.83,202.43,941.12,225.0,1049.44
312,1,0,0,6,26.89,95.37,53.71,190.5,80.53,287.06,107.36,385.07,134.18,484.51,161.0,585.39
313,1,0,0,6,63.38,280.27,80.7,356.88,98.03,434.09,115.35,511.9,132.68,590.31,150.0,669.31
314,1,0,0,6,17.68,75.61,36.64,156.7,55.61,238.52,74.57,321.05,93.54,404.31,112.5,488.28
315,1,0,0,6,33.61,138.93,53.97,223.08,74.33,308.06,94.68,393.87,115.04,480.51,135.4,567.98
316,1,0,0,6,45.8,202.59,58.64,259.39,71.48,316.52,84.32,373.97,97.16,431.76,110.0,489.88
317,1,0,0,6,46.71,167.26,78.17,279.91,109.63,394.54,141.08,511.14,172.54,629.73,204.0,750.29
318,1,0,0,6,33.41,89.26,40.25,107.53,47.09,125.89,53.92,144.35,60.76,162.9,67.6,181.54
319,1,0,0,6,34.28,135.88,57.42,227.61,80.57,320.42,103.71,414.3,126.86,509.25,150.0,605.27
320,1,0,0,6,83.67,0.0,158.6,0.0,233.52,0.0,308.45,0.0,383.37,0.0,458.3,0.0
321,1,0,0,6,96.89,3893.89,143.07,5229.53,189.25,6598.13,235.44,7999.67,281.62,9434.16,327.8,10901.61
322,1,0,0,6,53.83,2701.19,108.92,4346.16,164.02,6016.48,219.11,7712.12,274.21,9433.1,329.3,11179.41
323,1,0,0,6,65.32,299.01,98.26,449.77,131.19,602.71,164.13,757.82,197.06,915.09,230.0,1074.54
324,1,0,0,6,23.31,91.61,43.65,171.53,63.99,252.29,84.32,333.87,104.66,416.28,125.0,499.52
325,1,0,0,6,18.94,64.99,35.25,120.96,51.56,177.46,67.88,234.49,84.19,292.06,100.5,350.16
326,1,0,0,6,8.67,884.06,10.7,943.85,12.72,1003.7,14.75,1063.6,16.77,1123.56,18.8,1183.58
327,1,0,0,6,7.56,865.91,9.81,936.6,12.06,1007.33,14.3,1078.11,16.55,1148.94,18.8,1219.82
328,1,0,0,6,4.22,739.36,7.14,816.18,10.05,893.03,12.97,969.92,15.88,1046.84,18.8,1123.8
329,1,0,0,6,3.9,736.73,6.88,819.66,9.86,902.64,12.84,985.68,15.82,1068.78,18.8,1151.93
330,1,0,0,6,7.92,831.26,10.1,887.05,12.27,942.89,14.45,998.77,16.62,1054.7,18.8,1110.67
331,1,0,0,6,6.95,810.89,9.32,873.18,11.69,935.55,14.06,997.99,16.43,1060.5,18.8,1123.09
332,1,0,0,6,3.86,744.62,6.85,834.74,9.84,924.96,12.82,1015.28,15.81,1105.69,18.8,1196.2
333,1,0,0,6,2.38,698.33,5.66,795.09,8.95,891.97,12.23,988.97,15.52,1086.08,18.8,1183.3
334,1,0,0,6,9.17,874.46,11.1,926.18,13.02,977.95,14.95,1029.77,16.87,1081.65,18.8,1133.57
335,1,0,0,6,2.61,698.57,5.85,785.87,9.09,873.23,12.32,960.66,15.56,1048.15,18.8,1135.7
336,1,0,0,6,2.95,705.54,6.12,788.64,9.29,871.78,12.46,954.95,15.63,1038.15,18.8,1121.37
337,1,0,0,6,8.22,841.44,10.34,896.34,12.45,951.27,14.57,1006.24,16.68,1061.25,18.8,1116.31
338,1,0,0,6,8.08,30.23,12.5,46.78,16.93,63.38,21.35,80.01,25.78,96.68,30.2,113.39
339,1,0,0,6,24.33,73.34,56.22,169.49,88.12,267.67,120.01,367.89,151.91,470.14,183.8,574.42
340,1,0,0,6,4.26,13.32,5.39,16.84,6.52,20.38,7.64,23.94,8.77,27.5,9.9,31.08
341,1,0,0,6,86.55,3567.58,133.04,4904.58,179.53,6282.26,226.02,7700.61,272.51,9159.65,319.0,10659.36
342,1,0,0,6,75.61,2925.5,91.89,3375.46,108.17,3829.19,124.44,4286.7,140.72,4747.99,157.0,5213.06
343,1,0,0,6,15.86,1264.1,44.09,2026.94,72.32,2791.17,100.54,3556.79,128.77,4323.81,157.0,5092.21
344,1,0,0,6,57.13,2537.0,80.7,3227.96,104.28,3925.14,127.85,4628.55,151.43,5338.19,175.0,6054.06
345,1,0,0,6,56.39,2612.66,70.11,3056.8,83.83,3503.54,97.56,3952.9,111.28,4404.87,125.0,4859.44
346,1,0,0,6,22.57,1484.0,27.86,1673.82,33.14,1864.08,38.43,2054.79,43.71,2245.93,49.0,2437.51
347,1,0,0,6,7.59,918.91,15.87,1186.7,24.15,1455.61,32.44,1725.65,40.72,1996.81,49.0,2269.1
348,1,0,0,6,11.93,1078.77,19.14,1324.73,26.36,1571.09,33.57,1817.83,40.79,2064.96,48.0,2312.48
349,1,0,0,6,10.19,987.46,15.55,1162.14,20.91,1336.98,26.28,1512.0,31.64,1687.18,37.0,1862.54
350,1,0,0,6,1.95,0.0,3.66,0.0,5.37,0.0,7.08,0.0,8.79,0.0,10.5,0.0
351,1,0,0,6,1.59,0.0,3.37,0.0,5.15,0.0,6.94,0.0,8.72,0.0,10.5,0.0
352,1,0,0,6,138.58,0.0,174.66,0.0,210.75,0.0,246.83,0.0,282.92,0.0,319.0,0.0
353,1,0,0,6,39.96,1923.26,63.37,2560.46,86.78,3200.24,110.18,3842.59,133.59,4487.53,157.0,5135.05
354,1,0,0,6,39.26,1944.93,62.81,2610.36,86.36,3277.15,109.9,3945.3,133.45,4614.81,157.0,5285.69
355,1,0,0,6,92.25,4200.75,133.8,5619.86,175.35,7041.7,216.9,8466.27,258.45,9893.57,300.0,11323.59
356,1,0,0,6,212.55,5732.59,301.04,7550.54,389.53,9389.8,478.02,11250.35,566.51,13132.2,655.0,15035.36
357,1,0,0,6,13.73,1120.34,17.48,1249.29,21.24,1378.29,24.99,1507.37,28.75,1636.5,32.5,1765.71
358,1,0,0,6,35.46,1449.19,42.77,1601.94,50.08,1755.2,57.38,1908.97,64.69,2063.25,72.0,2218.04
359,1,0,0,6,9.13,901.38,21.7,1167.7,34.28,1434.23,46.85,1700.96,59.43,1967.9,72.0,2235.05
360,1,0,0,6,10.37,914.02,22.7,1158.91,35.02,1406.01,47.35,1655.32,59.67,1906.85,72.0,2160.59
361,1,0,0,6,23.15,1191.93,32.92,1396.16,42.69,1601.0,52.46,1806.45,62.23,2012.51,72.0,2219.18
362,1,0,0,6,7.75,872.22,20.6,1144.5,33.45,1417.97,46.3,1692.63,59.15,1968.47,72.0,2245.51
363,1,0,0,6,32.35,1358.63,40.28,1518.13,48.21,1678.11,56.14,1838.59,64.07,1999.57,72.0,2161.04
364,1,0,0,6,20.78,1088.18,28.12,1230.23,35.47,1373.12,42.81,1516.85,50.16,1661.43,57.5,1806.85
365,1,0,0,6,14.72,987.28,21.24,1127.3,27.75,1267.41,34.27,1407.61,40.78,1547.89,47.3,1688.25
366,1,0,0,6,13.75,976.57,17.4,1063.79,21.05,1151.19,24.7,1238.77,28.35,1326.53,32.0,1414.47
367,1,0,0,6,3.86,725.68,8.79,831.56,13.72,937.53,18.64,1043.6,23.57,1149.77,28.5,1256.03
368,1,0,0,6,25.95,1299.13,35.76,1520.9,45.57,1744.13,55.38,1968.83,65.19,2194.99,75.0,2422.62
369,1,0,0,6,8.09,822.47,12.87,925.6,17.65,1029.03,22.44,1132.75,27.22,1236.76,32.0,1341.06
370,1,0,0,6,5.3,0.0,6.64,0.0,7.98,0.0,9.32,0.0,10.66,0.0,12.0,0.0
371,1,0,0,6,11.05,0.0,14.16,0.0,17.27,0.0,20.38,0.0,23.49,0.0,26.6,0.0
372,1,0,0,6,10.63,0.0,13.82,0.0,17.02,0.0,20.21,0.0,23.41,0.0,26.6,0.0
373,1,0,0,6,10.94,909.91,14.75,1002.22,18.56,1094.61,22.38,1187.09,26.19,1279.66,30.0,1372.32
374,1,0,0,6,4.84,755.91,9.87,871.22,14.9,986.82,19.94,1102.7,24.97,1218.86,30.0,1335.3
375,1,0,0,6,9.98,871.2,13.98,961.95,17.99,1052.77,21.99,1143.68,26.0,1234.67,30.0,1325.73
376,1,0,0,6,6.17,0.0,7.94,0.0,9.7,0.0,11.47,0.0,13.23,0.0,15.0,0.0
377,1,0,0,6,5.75,0.0,7.6,0.0,9.45,0.0,11.3,0.0,13.15,0.0,15.0,0.0
378,1,0,0,6,5.85,0.0,7.68,0.0,9.51,0.0,11.34,0.0,13.17,0.0,15.0,0.0
379,1,0,0,6,5.93,0.0,7.14,0.0,8.36,0.0,9.57,0.0,10.79,0.0,12.0,0.0
380,1,0,0,6,6.9,0.0,10.28,0.0,13.66,0.0,17.04,0.0,20.42,0.0,23.8,0.0
381,1,0,0,6,1.59,0.0,4.27,0.0,6.95,0.0,9.64,0.0,12.32,0.0,15.0,0.0
382,1,0,0,6,10.13,935.32,14.7,1064.38,19.28,1193.57,23.85,1322.91,28.43,1452.39,33.0,1582.01
383,1,0,0,6,33.5,1482.52,55.0,1913.18,76.5,2352.08,98.0,2799.24,119.5,3254.64,141.0,3718.29
384,1,0,0,6,20.3,1230.77,44.24,1726.99,68.18,2225.74,92.12,2727.01,116.06,3230.82,140.0,3737.16
385,1,0,0,6,9.38,937.44,24.5,1275.93,39.63,1617.64,54.75,1962.55,69.88,2310.67,85.0,2662.01
386,1,0,0,6,49.55,2044.41,70.04,2547.42,90.53,3053.93,111.02,3563.92,131.51,4077.41,152.0,4594.39
387,1,0,0,6,41.23,0.0,63.38,0.0,85.54,0.0,107.69,0.0,129.85,0.0,152.0,0.0
388,1,0,0,6,61.42,2431.98,82.14,2966.4,102.85,3503.73,123.57,4043.97,144.28,4587.11,165.0,5133.16
389,1,0,0,6,47.23,1834.43,68.78,2291.67,90.34,2754.28,111.89,3222.25,133.45,3695.58,155.0,4174.28
390,1,0,0,6,60.12,2007.41,79.1,2378.25,98.07,2753.91,117.05,3134.38,136.02,3519.65,155.0,3909.74
391,1,0,0,6,24.83,1352.66,49.86,1884.65,74.9,2421.35,99.93,2962.75,124.97,3508.87,150.0,4059.7
392,1,0,0,6,130.47,499.63,161.02,616.61,191.56,735.45,222.11,856.16,252.65,978.73,283.2,1103.17
393,1,0,0,6,51.51,3158.15,69.83,3991.55,88.15,4829.96,106.46,5673.38,124.78,6521.82,143.1,7375.27
394,1,0,0,6,36.78,2540.02,58.04,3537.53,79.31,4539.08,100.57,5544.68,121.84,6554.32,143.1,7568.0
395,1,0,0,6,100.49,522.57,120.71,627.73,140.93,733.7,161.16,840.5,181.38,948.11,201.6,1056.54
396,1,0,0,6,30.06,100.88,60.05,201.53,90.04,303.97,120.02,408.21,150.01,514.25,180.0,622.09
397,1,0,0,6,84.93,393.49,108.14,501.04,131.36,609.67,154.57,719.38,177.79,830.16,201.0,942.03
398,1,0,0,6,31.44,133.67,65.17,277.09,98.9,422.78,132.64,570.74,166.37,720.99,200.1,873.5
399,1,0,0,6,46.66,155.64,74.93,249.93,103.2,345.82,131.46,443.3,159.73,542.39,188.0,643.07
400,1,0,0,6,3.96,0.0,4.97,0.0,5.98,0.0,6.98,0.0,7.99,0.0,9.0,0.0
401,1,0,0,6,103.56,538.99,128.07,666.55,152.58,795.3,177.08,925.26,201.59,1056.42,226.1,1188.78
402,1,0,0,6,34.11,111.08,67.49,219.78,100.87,330.71,134.24,443.86,167.62,559.25,201.0,676.86
403,1,0,0,6,37.2,63.94,79.56,136.74,121.92,213.14,164.28,293.12,206.64,376.7,249.0,463.86
404,1,0,0,6,13.41,1133.72,19.73,1353.38,26.05,1573.65,32.36,1794.53,38.68,2016.03,45.0,2238.13
405,1,0,0,6,12.63,1033.14,19.1,1220.57,25.58,1408.16,32.05,1595.91,38.53,1783.84,45.0,1971.93
406,1,0,0,6,12.73,987.99,20.18,1171.27,27.64,1355.0,35.09,1539.18,42.55,1723.83,50.0,1908.94
407,1,0,0,6,7.58,906.86,16.06,1166.37,24.55,1427.28,33.03,1689.6,41.52,1953.33,50.0,2218.47
408,1,0,0,6,88.86,439.36,132.51,655.17,176.16,874.79,219.8,1098.22,263.45,1325.47,307.1,1556.52
409,1,0,0,6,33.87,137.06,59.68,241.48,85.48,347.24,111.29,454.33,137.09,562.75,162.9,672.5
410,1,0,0,6,85.76,5946.42,173.21,9354.34,260.66,12873.84,348.1,16504.92,435.55,20247.59,523.0,24101.83
411,1,0,0,6,193.53,9909.99,233.22,11698.91,272.92,13514.44,312.61,15356.57,352.31,17225.3,392.0,19120.64
412,1,0,0,6,9.13,1102.31,22.3,1664.78,35.48,2228.43,48.65,2793.27,61.83,3359.3,75.0,3926.52
413,1,0,0,6,47.43,2691.58,65.54,3411.32,83.66,4132.0,101.77,4853.62,119.89,5576.17,138.0,6299.67
414,1,0,0,6,44.55,2743.52,57.04,3299.48,69.53,3856.55,82.02,4414.73,94.51,4974.03,107.0,5534.44
415,1,0,0,6,18.97,1625.51,30.18,2164.84,41.38,2705.57,52.59,3247.68,63.79,3791.19,75.0,4336.09
416,1,0,0,6,1.94,672.93,3.19,712.05,4.44,751.2,5.7,790.36,6.95,829.54,8.2,868.74
417,1,0,0,6,2.44,0.0,3.59,0.0,4.74,0.0,5.9,0.0,7.05,0.0,8.2,0.0
418,1,0,0,6,1.14,651.18,2.55,699.33,3.96,747.51,5.38,795.72,6.79,843.96,8.2,892.22
419,1,0,0,6,20.0,1658.62,24.2,1868.01,28.4,2077.66,32.6,2287.58,36.8,2497.75,41.0,2708.19
420,1,0,0,6,6.13,931.49,9.5,1094.96,12.88,1258.5,16.25,1422.13,19.63,1585.84,23.0,1749.63
421,1,0,0,6,5.16,891.84,7.73,1023.64,10.3,1155.48,12.86,1287.35,15.43,1419.26,18.0,1551.2
422,1,0,0,6,18.15,1416.79,26.72,1759.26,35.29,2102.1,43.86,2445.32,52.43,2788.91,61.0,3132.89
423,1,0,0,6,22.87,1903.62,30.5,2307.8,38.12,2712.41,45.75,3117.45,53.37,3522.93,61.0,3928.84
424,1,0,0,6,4.04,104.28,11.23,289.91,18.42,475.65,25.62,661.49,32.81,847.44,40.0,1033.49
425,1,0,0,6,14.94,299.32,19.95,399.74,24.96,500.2,29.98,600.72,34.99,701.28,40.0,801.9
426,1,0,0,6,12.33,1112.03,25.46,1532.82,38.6,1954.67,51.73,2377.59,64.87,2801.58,78.0,3226.63
427,1,0,0,6,25.28,1628.39,35.82,2008.52,46.37,2389.44,56.91,2771.14,67.46,3153.62,78.0,3536.89
428,1,0,0,6,32.74,1799.94,42.19,2111.72,51.64,2423.84,61.1,2736.3,70.55,3049.1,80.0,3362.25
429,1,0,0,6,52.04,2218.37,82.43,2984.81,112.82,3767.07,143.22,4565.14,173.61,5379.01,204.0,6208.71
430,1,0,0,6,35.4,1907.85,69.12,2862.15,102.84,3832.43,136.56,4818.7,170.28,5820.95,204.0,6839.18
431,1,0,0,6,60.03,2475.34,80.22,3024.95,100.42,3577.24,120.61,4132.19,140.81,4689.81,161.0,5250.09
432,1,0,0,6,26.83,1543.98,52.06,2215.96,77.3,2894.53,102.53,3579.67,127.77,4271.39,153.0,4969.68
433,1,0,0,6,28.8,1546.11,53.64,2164.19,78.48,2790.39,103.32,3424.7,128.16,4067.13,153.0,4717.68
434,1,0,0,6,43.93,2063.21,67.34,2714.37,90.76,3368.84,114.17,4026.64,137.59,4687.75,161.0,5352.19
435,1,0,0,6,130.0,0.0,163.2,0.0,196.4,0.0,229.6,0.0,262.8,0.0,296.0,0.0
436,1,0,0,6,32.74,1928.34,67.39,3007.22,102.04,4093.74,136.7,5187.92,171.35,6289.74,206.0,7399.22
437,1,0,0,6,37.49,2024.96,70.99,3023.56,104.49,4035.89,138.0,5061.95,171.5,6101.74,205.0,7155.27
438,1,0,0,6,1.21,6.38,2.97,15.64,4.73,24.92,6.48,34.24,8.24,43.57,10.0,52.93
439,1,0,0,6,2.38,9.05,3.9,14.85,5.43,20.67,6.95,26.52,8.48,32.39,10.0,38.28
440,1,0,0,6,2.91,21.79,4.33,32.41,5.75,43.05,7.16,53.7,8.58,64.37,10.0,75.05
441,1,0,0,6,24.45,1662.48,37.58,2160.46,50.71,2660.79,63.84,3163.46,76.97,3668.47,90.1,4175.82
442,1,0,0,6,42.04,0.0,51.09,0.0,60.14,0.0,69.2,0.0,78.25,0.0,87.3,0.0
443,1,0,0,6,3.13,82.89,4.6,121.92,6.08,160.98,7.55,200.05,9.03,239.15,10.5,278.27
444,1,0,0,6,2.62,0.0,4.1,0.0,5.57,0.0,7.05,0.0,8.52,0.0,10.0,0.0
445,1,0,0,6,3.74,101.94,4.99,136.06,6.24,170.2,7.5,204.36,8.75,238.53,10.0,272.71
446,1,0,0,6,37.02,167.65,59.62,269.98,82.21,373.33,104.81,477.7,127.4,583.09,150.0,689.51
447,1,0,0,6,30.55,135.65,42.68,189.51,54.81,243.66,66.94,298.11,79.07,352.85,91.2,407.89
448,1,0,0,6,20.0,69.72,56.0,195.22,92.0,323.3,128.0,453.98,164.0,587.26,200.0,723.12
449,1,0,0,6,25.34,142.2,60.27,338.22,95.2,536.69,130.14,737.59,165.07,940.94,200.0,1146.73
450,1,0,0,6,9.58,31.53,23.26,76.56,36.95,121.96,50.63,167.75,64.32,213.9,78.0,260.43
451,1,0,0,6,40.94,190.93,82.69,385.65,124.44,583.85,166.2,785.54,207.95,990.71,249.7,1199.37
452,1,0,0,6,42.39,174.66,73.91,304.54,105.43,436.41,136.96,570.26,168.48,706.1,200.0,843.93
453,1,0,0,6,117.31,537.95,141.37,648.27,165.43,759.75,189.48,872.39,213.54,986.18,237.6,1101.13
454,1,0,0,6,46.48,193.11,97.18,403.77,147.89,619.57,198.59,840.51,249.3,1066.59,300.0,1297.82
455,1,0,0,6,24.36,103.26,59.49,252.16,94.62,403.53,129.74,557.37,164.87,713.68,200.0,872.45
456,1,0,0,6,4.39,46.55,5.51,58.45,6.63,70.36,7.76,82.28,8.88,94.21,10.0,106.15
457,1,0,0,6,47.66,219.23,70.13,322.57,92.6,426.93,115.06,532.3,137.53,638.68,160.0,746.06
458,1,0,0,6,11.79,0.0,17.83,0.0,23.87,0.0,29.92,0.0,35.96,0.0,42.0,0.0
459,1,0,0,6,7.8,0.0,14.64,0.0,21.48,0.0,28.32,0.0,35.16,0.0,42.0,0.0
460,1,0,0,6,8.0,0.0,9.6,0.0,11.2,0.0,12.8,0.0,14.4,0.0,16.0,0.0
461,1,0,0,6,26.37,0.0,37.9,0.0,49.42,0.0,60.95,0.0,72.47,0.0,84.0,0.0
462,1,0,0,6,41.0,161.41,58.9,231.88,76.8,302.99,94.7,374.75,112.6,447.14,130.5,520.17
463,1,0,0,6,21.29,0.0,28.43,0.0,35.57,0.0,42.72,0.0,49.86,0.0,57.0,0.0
464,1,0,0,6,37.02,147.1,59.62,236.89,82.21,327.7,104.81,419.53,127.4,512.38,150.0,606.26
465,1,0,0,6,60.3,344.77,84.24,481.65,108.18,619.67,132.12,758.84,156.06,899.16,180.0,1040.62
466,1,0,0,6,21.1,86.39,59.08,241.88,97.06,400.27,135.04,561.53,173.02,725.68,211.0,892.72
467,1,0,0,6,20.91,107.3,49.73,255.19,78.55,404.73,107.36,555.94,136.18,708.8,165.0,863.33
468,1,0,0,6,9.93,0.0,13.94,0.0,17.96,0.0,21.97,0.0,25.99,0.0,30.0,0.0
469,1,0,0,6,100.4,424.72,123.92,524.22,147.44,624.82,170.96,726.53,194.48,829.35,218.0,933.27
470,1,0,0,6,101.98,547.51,123.82,664.79,145.67,783.02,167.51,902.2,189.36,1022.34,211.2,1143.43
471,1,0,0,6,67.52,278.29,84.02,346.27,100.51,414.81,117.01,483.89,133.5,553.51,150.0,623.67
472,1,0,0,6,29.81,101.59,60.19,205.12,90.57,310.49,120.94,417.71,151.32,526.78,181.7,637.69
473,1,0,0,6,71.75,444.7,115.12,713.5,158.49,986.06,201.86,1262.39,245.23,1542.48,288.6,1826.32
474,1,0,0,6,112.9,395.33,141.72,496.25,170.54,598.83,199.36,703.07,228.18,808.97,257.0,916.53
475,1,0,0,6,29.64,137.07,63.71,294.63,97.78,454.51,131.86,616.71,165.93,781.24,200.0,948.09
476,1,0,0,6,55.1,207.35,84.08,316.41,113.06,427.14,142.04,539.56,171.02,653.66,200.0,769.43
477,1,0,0,6,52.98,249.41,74.58,351.11,96.19,453.74,117.79,557.31,139.4,661.82,161.0,767.25
478,1,0,0,6,25.95,136.15,59.56,312.48,93.17,491.08,126.78,671.93,160.39,855.04,194.0,1040.42
479,1,0,0,6,66.6,325.94,99.36,486.26,132.12,648.74,164.88,813.36,197.64,980.12,230.4,1149.03
480,1,0,0,6,57.88,311.69,86.3,464.76,114.73,619.45,143.15,775.75,171.58,933.66,200.0,1093.2
481,1,0,0,6,67.69,342.71,85.23,431.52,102.77,520.95,120.32,611.0,137.86,701.66,155.4,792.93
482,1,0,0,6,32.48,175.05,65.98,355.62,99.49,538.43,132.99,723.49,166.5,910.79,200.0,1100.34
483,1,0,0,6,89.2,389.05,131.3,572.66,173.4,759.83,215.5,950.54,257.6,1144.79,299.7,1342.59
484,1,0,0,6,57.32,162.74,75.86,215.37,94.39,268.68,112.93,322.68,131.46,377.37,150.0,432.75
485,1,0,0,6,65.16,169.11,82.13,213.15,99.1,257.76,116.06,302.95,133.03,348.71,150.0,395.05
486,1,0,0,6,41.75,162.66,93.4,363.9,145.05,570.47,196.7,782.38,248.35,999.62,300.0,1222.2
487,1,0,0,6,12.83,0.0,20.34,0.0,27.86,0.0,35.37,0.0,42.89,0.0,50.4,0.0
488,1,0,0,6,53.98,288.3,72.86,389.16,91.75,490.72,110.63,593.01,129.52,696.0,148.4,799.71
489,1,0,0,6,37.81,168.23,60.49,269.13,83.17,371.06,105.84,474.02,128.52,578.0,151.2,683.02
490,1,0,0,6,39.14,132.58,66.11,223.94,93.08,316.75,120.06,411.02,147.03,506.75,174.0,603.93
491,1,0,0,6,14.48,0.0,17.58,0.0,20.69,0.0,23.79,0.0,26.9,0.0,30.0,0.0
492,1,0,0,6,22.04,79.09,50.23,180.25,78.42,283.0,106.62,387.34,134.81,493.27,163.0,600.78
493,1,0,0,6,34.1,149.29,77.88,340.96,121.66,536.46,165.44,735.79,209.22,938.96,253.0,1145.96
494,1,0,0,6,166.12,491.23,202.96,600.16,239.79,711.8,276.63,826.15,313.46,943.22,350.3,1063.0
495,1,0,0,6,28.16,99.07,54.13,190.44,80.1,283.15,106.06,377.21,132.03,472.62,158.0,569.38
496,1,0,0,6,98.39,454.57,138.71,640.86,179.03,830.41,219.36,1023.2,259.68,1219.25,300.0,1418.55
497,1,0,0,6,42.92,0.0,54.22,0.0,65.51,0.0,76.81,0.0,88.1,0.0,99.4,0.0
498,1,0,0,6,62.86,325.0,90.33,467.01,117.8,610.54,145.26,755.57,172.73,902.11,200.2,1050.16
499,1,0,0,6,64.33,207.26,93.48,301.19,122.64,396.82,151.79,494.15,180.95,593.17,210.1,693.9
500,1,0,0,6,15.03,1223.35,20.42,1424.45,25.82,1625.74,31.21,1827.22,36.61,2028.88,42.0,2230.73
501,1,0,0,6,8.83,976.22,11.06,1063.81,13.3,1151.44,15.53,1239.09,17.77,1326.78,20.0,1414.49
502,1,0,0,6,14.86,1353.94,20.89,1632.4,26.92,1911.1,32.94,2190.06,38.97,2469.26,45.0,2748.71
503,1,0,0,6,2.98,38.47,4.38,56.59,5.79,74.73,7.19,92.89,8.6,111.06,10.0,129.25
504,1,0,0,6,109.11,3786.88,131.49,4372.51,153.87,4959.64,176.24,5548.27,198.62,6138.41,221.0,6730.05
505,1,0,0,6,26.92,1592.89,65.74,2546.55,104.55,3503.58,143.37,4464.0,182.18,5427.79,221.0,6394.96
506,1,0,0,6,82.48,0.0,113.98,0.0,145.49,0.0,176.99,0.0,208.5,0.0,240.0,0.0
507,1,0,0,6,71.62,3178.52,91.7,3829.0,111.77,4480.49,131.85,5133.0,151.92,5786.54,172.0,6441.09
508,1,0,0,6,37.69,2274.55,59.95,3131.63,82.21,3989.77,104.48,4848.96,126.74,5709.21,149.0,6570.52
509,1,0,0,6,22.51,1519.88,47.81,2302.51,73.11,3087.93,98.4,3876.17,123.7,4667.2,149.0,5461.03
510,1,0,0,6,89.47,596.68,121.58,810.8,153.68,1026.97,185.79,1245.21,217.89,1465.51,250.0,1687.88
511,1,0,0,6,31.79,121.57,65.43,250.23,99.07,381.14,132.72,514.33,166.36,649.77,200.0,787.48
512,1,0,0,6,79.12,350.16,103.62,458.58,128.11,568.19,152.61,679.0,177.1,791.02,201.6,904.23
513,1,0,0,6,42.09,207.81,74.27,366.71,106.45,527.67,138.64,690.71,170.82,855.82,203.0,1023.0
514,1,0,0,6,49.75,251.44,85.4,431.62,121.05,614.35,156.7,799.61,192.35,987.42,228.0,1177.76
515,1,0,0,6,80.5,392.99,97.4,475.5,114.3,558.57,131.2,642.22,148.1,726.44,165.0,811.23
516,1,0,0,6,8.77,933.79,10.68,1000.36,12.58,1066.99,14.49,1133.66,16.39,1200.38,18.3,1267.14
517,1,0,0,6,5.63,825.39,8.16,914.48,10.7,1003.61,13.23,1092.78,15.77,1182.0,18.3,1271.26
518,1,0,0,6,5.45,815.36,8.02,903.97,10.59,992.65,13.16,1081.39,15.73,1170.2,18.3,1259.08
519,1,0,0,6,7.73,900.39,9.84,975.03,11.96,1049.75,14.07,1124.55,16.19,1199.43,18.3,1274.39
520,1,0,0,6,5.93,811.43,8.4,888.19,10.88,964.99,13.35,1041.84,15.83,1118.74,18.3,1195.69
521,1,0,0,6,2.69,716.24,5.81,819.29,8.93,922.49,12.06,1025.84,15.18,1129.35,18.3,1233.02
522,1,0,0,6,6.24,847.83,8.65,933.02,11.06,1018.32,13.48,1103.73,15.89,1189.26,18.3,1274.91
523,1,0,0,6,2.25,710.68,5.46,829.41,8.67,948.27,11.88,1067.27,15.09,1186.39,18.3,1305.64
524,1,0,0,6,4.81,807.42,7.51,908.37,10.21,1009.46,12.9,1110.7,15.6,1212.07,18.3,1313.6
525,1,0,0,6,7.38,884.35,9.56,960.38,11.75,1036.44,13.93,1112.54,16.12,1188.67,18.3,1264.85
526,1,0,0,6,7.86,874.36,9.95,939.95,12.04,1005.58,14.12,1071.26,16.21,1136.97,18.3,1202.73
527,1,0,0,6,8.12,904.72,10.16,974.24,12.19,1043.83,14.23,1113.51,16.26,1183.26,18.3,1253.08
528,1,0,0,6,24.84,100.92,38.93,158.17,53.02,215.82,67.12,273.87,81.21,332.31,95.3,391.15
529,1,0,0,6,38.06,112.87,52.45,155.53,66.84,198.62,81.22,242.11,95.61,286.02,110.0,330.35
530,1,0,0,6,5.75,0.0,8.26,0.0,10.77,0.0,13.28,0.0,15.79,0.0,18.3,0.0
531,1,0,0,6,1.85,38.89,5.14,108.06,8.43,177.29,11.72,246.58,15.01,315.94,18.3,385.37
532,1,0,0,6,5.97,158.91,8.44,224.55,10.9,290.21,13.37,355.9,15.83,421.61,18.3,487.35
533,1,0,0,6,1.38,0.0,3.86,0.0,6.35,0.0,8.83,0.0,11.32,0.0,13.8,0.0
534,1,0,0,6,2.58,60.23,6.26,146.24,9.95,232.3,13.63,318.41,17.32,404.58,21.0,490.8
535,1,0,0,6,6.95,159.87,9.76,224.51,12.57,289.18,15.38,353.89,18.19,418.62,21.0,483.39
536,1,0,0,6,92.11,3605.33,113.69,4239.09,135.27,4875.48,156.84,5514.49,178.42,6156.13,200.0,6800.4
537,1,0,0,6,71.57,2844.2,89.06,3334.23,106.54,3825.08,124.03,4316.74,141.51,4809.22,159.0,5302.52
538,1,0,0,6,39.53,1966.11,63.42,2647.69,87.32,3334.39,111.21,4026.2,135.11,4723.12,159.0,5425.16
539,1,0,0,6,22.82,1474.37,49.06,2214.04,75.29,2968.1,101.53,3736.54,127.76,4519.37,154.0,5316.58
540,1,0,0,6,28.3,1480.74,39.84,1787.28,51.38,2095.5,62.92,2405.39,74.46,2716.96,86.0,3030.21
541,1,0,0,6,269.58,6818.65,402.18,9432.33,534.79,12135.69,667.39,14928.73,800.0,17811.45,932.6,20783.85
542,1,0,0,6,135.91,4822.87,171.13,5795.86,206.35,6784.21,241.56,7787.91,276.78,8806.98,312.0,9841.39
543,1,0,0,6,92.87,3899.61,136.7,5235.86,180.52,6611.48,224.35,8026.47,268.17,9480.83,312.0,10974.55
544,1,0,0,6,91.66,0.0,115.53,0.0,139.4,0.0,163.26,0.0,187.13,0.0,211.0,0.0
545,1,0,0,6,53.7,2339.15,85.16,3172.6,116.62,4019.08,148.08,4878.58,179.54,5751.09,211.0,6636.63
546,1,0,0,6,52.77,2522.24,84.42,3485.19,116.06,4454.82,147.71,5431.12,179.35,6414.1,211.0,7403.75
547,1,0,0,6,64.89,2857.39,94.11,3731.44,123.33,4621.82,152.56,5528.53,181.78,6451.58,211.0,7390.96
548,1,0,0,6,48.67,278.23,68.94,394.08,89.2,510.75,109.47,628.25,129.73,746.57,150.0,865.71
549,1,0,0,6,59.55,201.47,87.66,296.57,115.77,393.25,143.88,491.52,171.99,591.36,200.1,692.78
550,1,0,0,6,2.74,0.0,5.27,0.0,7.8,0.0,10.34,0.0,12.87,0.0,15.4,0.0
551,1,0,0,6,65.59,262.17,92.47,369.62,119.35,478.51,146.24,588.85,173.12,700.64,200.0,813.87
552,1,0,0,6,3.06,0.0,4.45,0.0,5.84,0.0,7.22,0.0,8.61,0.0,10.0,0.0
553,1,0,0,6,6.98,1098.28,18.38,1755.53,29.79,2415.14,41.19,3077.13,52.6,3741.48,64.0,4408.2
554,1,0,0,6,11.24,1314.85,21.79,1895.82,32.34,2478.87,42.9,3063.98,53.45,3651.16,64.0,4240.41
555,1,0,0,6,13.97,1489.81,23.98,2058.38,33.98,2628.28,43.99,3199.5,53.99,3772.04,64.0,4345.91
556,1,0,0,6,10.21,1242.29,20.97,1817.9,31.73,2395.52,42.48,2975.16,53.24,3556.81,64.0,4140.47
557,1,0,0,6,29.93,2498.09,36.94,2920.05,43.96,3342.39,50.97,3765.11,57.99,4188.21,65.0,4611.69
558,1,0,0,6,31.96,1676.44,39.77,1913.4,47.58,2150.86,55.38,2388.82,63.19,2627.28,71.0,2866.24
559,1,0,0,6,17.65,1257.44,28.32,1590.5,38.99,1923.83,49.66,2257.44,60.33,2591.33,71.0,2925.49
560,1,0,0,6,10.37,1073.54,22.3,1497.39,34.22,1921.43,46.15,2345.67,58.07,2770.12,70.0,3194.76
561,1,0,0,6,6.36,0.0,11.95,0.0,17.54,0.0,23.12,0.0,28.71,0.0,34.3,0.0
562,1,0,0,6,52.1,2242.51,82.88,3030.33,113.66,3833.91,144.44,4653.25,175.22,5488.35,206.0,6339.21
563,1,0,0,6,30.96,1736.83,65.75,2668.87,100.54,3618.65,135.32,4586.16,170.11,5571.4,204.9,6574.38
564,1,0,0,6,57.97,2549.42,78.78,3161.87,99.58,3782.39,120.39,4410.99,141.19,5047.65,162.0,5692.38
565,1,0,0,6,60.24,2595.35,78.89,3141.88,97.54,3692.06,116.2,4245.91,134.85,4803.43,153.5,5364.6
566,1,0,0,6,31.7,1783.76,54.42,2475.98,77.14,3169.62,99.86,3864.68,122.58,4561.16,145.3,5259.07
567,1,0,0,6,65.26,2762.39,80.95,3230.4,96.64,3703.18,112.32,4180.75,128.01,4663.09,143.7,5150.2
568,1,0,0,6,74.12,302.86,114.9,469.47,155.67,639.4,196.45,812.67,237.22,989.25,278.0,1169.17
569,1,0,0,6,39.83,124.36,48.36,151.0,56.9,177.79,65.43,204.73,73.97,231.81,82.5,259.04
570,1,0,0,6,10.54,59.87,24.03,136.52,37.52,213.52,51.02,290.89,64.51,368.63,78.0,446.73
571,1,0,0,6,11.05,35.98,25.24,82.19,39.43,128.8,53.62,175.81,67.81,223.23,82.0,271.04
572,1,0,0,6,79.53,255.35,97.16,311.96,114.8,369.2,132.43,427.06,150.07,485.55,167.7,544.65
573,1,0,0,6,17.48,1278.52,33.6,1768.68,49.73,2260.79,65.85,2754.88,81.98,3250.93,98.1,3748.95
574,1,0,0,6,42.36,2147.99,53.51,2516.65,64.66,2886.1,75.8,3256.35,86.95,3627.39,98.1,3999.22
575,1,0,0,6,21.43,1395.8,31.14,1708.93,40.86,2023.71,50.57,2340.13,60.29,2658.19,70.0,2977.9
576,1,0,0,6,10.28,1051.08,22.22,1453.18,34.17,1856.87,46.11,2262.15,58.06,2669.02,70.0,3077.49
577,1,0,0,6,10.7,1079.75,22.16,1484.32,33.62,1889.81,45.08,2296.2,56.54,2703.5,68.0,3111.7
578,1,0,0,6,12.21,1102.64,23.37,1468.75,34.53,1836.22,45.68,2205.02,56.84,2575.18,68.0,2946.68
579,1,0,0,6,15.25,68.54,37.04,166.47,58.83,265.35,80.62,365.18,102.41,465.96,124.2,567.69
580,1,0,0,6,40.75,124.55,50.6,154.65,60.45,184.95,70.3,215.44,80.15,246.13,90.0,277.01
581,1,0,0,6,15.27,61.42,36.22,145.68,57.16,230.81,78.11,316.82,99.05,403.71,120.0,491.47
582,1,0,0,6,31.55,141.05,49.24,220.14,66.93,299.86,84.62,380.2,102.31,461.16,120.0,542.75
583,1,0,0,6,61.18,220.87,78.94,285.0,96.71,349.76,114.47,415.15,132.24,481.18,150.0,547.83
584,1,0,0,6,43.42,147.3,59.12,200.55,74.81,254.3,90.51,308.53,106.2,363.26,121.9,418.48
585,1,0,0,6,44.34,228.63,63.97,329.86,83.6,431.86,103.24,534.63,122.87,638.17,142.5,742.48
586,1,0,0,6,37.27,183.08,52.92,259.93,68.56,337.28,84.21,415.11,99.85,493.44,115.5,572.25
587,1,0,0,6,8.81,0.0,18.81,0.0,28.81,0.0,38.8,0.0,48.8,0.0,58.8,0.0
588,1,0,0,6,9.18,0.0,14.54,0.0,19.91,0.0,25.27,0.0,30.64,0.0,36.0,0.0
589,1,0,0,6,12.51,31.59,28.51,71.98,44.51,112.89,60.5,154.31,76.5,196.24,92.5,238.68
590,1,0,0,6,15.64,0.0,24.51,0.0,33.38,0.0,42.26,0.0,51.13,0.0,60.0,0.0
591,1,0,0,6,50.17,184.49,69.14,254.23,88.1,324.7,107.07,395.88,126.03,467.78,145.0,540.4
592,1,0,0,6,40.08,0.0,62.06,0.0,84.05,0.0,106.03,0.0,128.02,0.0,150.0,0.0
593,1,0,0,6,61.41,3234.02,79.13,3929.07,96.85,4629.05,114.56,5333.93,132.28,6043.74,150.0,6758.47
594,1,0,0,6,1.88,0.0,3.5,0.0,5.13,0.0,6.75,0.0,8.38,0.0,10.0,0.0
595,1,0,0,6,14.05,0.0,17.28,0.0,20.51,0.0,23.74,0.0,26.97,0.0,30.2,0.0
596,1,0,0,6,18.71,114.91,38.17,234.42,57.63,354.69,77.08,475.71,96.54,597.49,116.0,720.03
597,1,0,0,6,46.24,182.02,79.23,311.89,112.22,443.94,145.22,578.17,178.21,714.57,211.2,853.15
598,1,0,0,6,31.72,166.39,66.82,350.49,101.91,537.05,137.01,726.07,172.1,917.56,207.2,1111.51
599,1,0,0,6,65.47,249.32,91.72,349.27,117.96,450.6,144.21,553.3,170.45,657.39,196.7,762.85
600,1,0,0,6,69.17,399.8,86.84,501.91,104.5,604.65,122.17,708.0,139.83,811.99,157.5,916.59
601,1,0,0,6,54.9,262.76,84.32,403.57,113.74,546.12,143.16,690.39,172.58,836.39,202.0,984.13
602,1,0,0,6,1.53,0.0,3.2,0.0,4.88,0.0,6.55,0.0,8.23,0.0,9.9,0.0
603,1,0,0,6,85.02,572.87,104.02,700.86,123.01,829.58,142.01,959.02,161.0,1089.18,180.0,1220.06
604,1,0,0,6,18.29,169.84,34.63,321.59,50.97,473.87,67.32,626.69,83.66,780.05,100.0,933.93
605,1,0,0,6,24.09,198.65,42.97,354.35,61.85,510.76,80.74,667.89,99.62,825.73,118.5,984.29
606,1,0,0,6,38.29,384.28,60.63,608.5,82.97,833.72,105.32,1059.94,127.66,1287.16,150.0,1515.37
607,1,0,0,6,14.04,0.0,21.23,0.0,28.42,0.0,35.62,0.0,42.81,0.0,50.0,0.0
608,1,0,0,6,24.54,0.0,29.63,0.0,34.72,0.0,39.82,0.0,44.91,0.0,50.0,0.0
609,1,0,0,6,90.33,428.62,108.66,515.61,127.0,603.28,145.33,691.62,163.67,780.63,182.0,870.31
610,1,0,0,6,9.69,0.0,17.75,0.0,25.81,0.0,33.88,0.0,41.94,0.0,50.0,0.0
611,1,0,0,6,30.21,197.62,74.17,485.16,118.13,776.57,162.08,1071.85,206.04,1370.99,250.0,1673.99
612,1,0,0,6,12.05,100.73,29.64,247.78,47.23,395.45,64.82,543.73,82.41,692.63,100.0,842.16
613,1,0,0,6,25.84,218.57,40.67,344.02,55.5,469.92,70.34,596.26,85.17,723.03,100.0,850.25
614,1,0,0,6,240.88,6184.86,364.3,8601.87,487.73,11060.33,611.15,13560.21,734.58,16101.53,858.0,18684.29
615,1,0,0,6,367.01,8540.6,459.81,10332.39,552.61,12191.53,645.4,14118.01,738.2,16111.83,831.0,18172.99
616,1,0,0,6,6.93,0.0,9.74,0.0,12.56,0.0,15.37,0.0,18.19,0.0,21.0,0.0
617,1,0,0,6,64.35,2624.39,169.48,4733.62,274.61,6933.03,379.74,9222.64,484.87,11602.43,590.0,14072.41
618,1,0,0,6,103.59,3621.39,200.87,5770.12,298.15,7931.72,395.44,10106.19,492.72,12293.53,590.0,14493.74
619,1,0,0,6,94.98,0.0,162.98,0.0,230.99,0.0,298.99,0.0,367.0,0.0,435.0,0.0
620,1,0,0,6,136.41,4075.71,280.13,6825.03,423.85,9640.44,567.56,12521.95,711.28,15469.56,855.0,18483.26
621,1,0,0,6,393.76,8637.71,486.01,10317.82,578.26,12063.28,670.5,13874.09,762.75,15750.26,855.0,17691.79
622,1,0,0,6,7.3,0.0,15.26,0.0,23.22,0.0,31.18,0.0,39.14,0.0,47.1,0.0
623,1,0,0,6,11.71,0.0,18.79,0.0,25.87,0.0,32.94,0.0,40.02,0.0,47.1,0.0
624,1,0,0,6,16.3,1601.92,35.04,2564.12,53.78,3526.76,72.52,4489.82,91.26,5453.31,110.0,6417.24
625,1,0,0,6,50.02,1909.04,70.42,2381.78,90.81,2855.31,111.21,3329.65,131.6,3804.78,152.0,4280.71
626,1,0,0,6,44.23,1650.08,65.98,2091.78,87.74,2537.11,109.49,2986.08,131.25,3438.68,153.0,3894.92
627,1,0,0,6,172.07,6389.08,216.66,7735.59,261.24,9103.01,305.83,10491.33,350.41,11900.55,395.0,13330.67
628,1,0,0,6,46.13,2263.34,67.9,2938.71,89.68,3616.84,111.45,4297.72,133.23,4981.35,155.0,5667.73
629,1,0,0,6,67.33,2623.72,84.86,3090.19,102.4,3558.88,119.93,4029.8,137.47,4502.93,155.0,4978.29
630,1,0,0,6,39.45,1976.56,62.56,2646.76,85.67,3319.46,108.78,3994.68,131.89,4672.4,155.0,5352.63
631,1,0,0,6,7.29,824.97,12.31,946.46,17.33,1068.14,22.36,1189.99,27.38,1312.03,32.4,1434.24
632,1,0,0,6,5.31,730.03,6.45,754.36,7.59,778.7,8.72,803.07,9.86,827.44,11.0,851.84
633,1,0,0,6,3.51,0.0,4.47,0.0,5.43,0.0,6.38,0.0,7.34,0.0,8.3,0.0
634,1,0,0,6,2.61,703.38,3.75,743.03,4.89,782.7,6.02,822.39,7.16,862.11,8.3,901.84
635,1,0,0,6,1.05,653.37,2.5,709.88,3.95,766.43,5.4,823.02,6.85,879.63,8.3,936.29
636,1,0,0,6,3.66,741.82,4.59,774.62,5.52,807.43,6.44,840.25,7.37,873.09,8.3,905.93
637,1,0,0,6,2.67,709.47,3.8,750.38,4.92,791.31,6.05,832.26,7.17,873.22,8.3,914.2
638,1,0,0,6,2.57,709.31,3.72,752.49,4.86,795.7,6.01,838.92,7.15,882.16,8.3,925.42
639,1,0,0,6,6.7,0.0,18.76,0.0,30.82,0.0,42.88,0.0,54.94,0.0,67.0,0.0
640,1,0,0,6,8.1,0.0,19.68,0.0,31.26,0.0,42.84,0.0,54.42,0.0,66.0,0.0
641,1,0,0,6,13.99,0.0,24.39,0.0,34.79,0.0,45.2,0.0,55.6,0.0,66.0,0.0
642,1,0,0,6,10.38,0.0,21.7,0.0,33.03,0.0,44.35,0.0,55.68,0.0,67.0,0.0
643,1,0,0,6,27.81,0.0,35.85,0.0,43.89,0.0,51.92,0.0,59.96,0.0,68.0,0.0
644,1,0,0,6,12.45,0.0,23.56,0.0,34.67,0.0,45.78,0.0,56.89,0.0,68.0,0.0
645,1,0,0,6,3.88,90.43,8.9,207.53,13.93,324.68,18.95,441.88,23.98,559.13,29.0,676.43
646,1,0,0,6,7.33,211.09,11.66,335.9,16.0,460.79,20.33,585.75,24.67,710.78,29.0,835.89
647,1,0,0,6,24.16,128.26,49.73,264.0,75.3,401.05,100.86,539.4,126.43,679.06,152.0,820.03
648,1,0,0,6,16.29,0.0,20.53,0.0,24.77,0.0,29.02,0.0,33.26,0.0,37.5,0.0
649,1,0,0,6,13.75,50.37,30.76,112.69,47.77,175.58,64.78,239.06,81.79,303.11,98.8,367.74
650,1,0,0,6,30.69,141.49,48.67,224.4,66.65,307.95,84.64,392.14,102.62,476.99,120.6,562.48
651,1,0,0,6,41.47,140.19,55.98,189.22,70.48,238.68,84.99,288.56,99.49,338.86,114.0,389.58
652,1,0,0,6,74.78,349.85,119.62,559.65,164.47,773.47,209.31,991.31,254.16,1213.18,299.0,1439.06
653,1,0,0,6,50.27,248.34,84.92,419.5,119.56,593.06,154.21,769.02,188.85,947.38,223.5,1128.14
654,1,0,0,6,65.5,224.57,95.0,325.71,124.5,428.59,154.0,533.21,183.5,639.57,213.0,747.68
655,1,0,0,6,38.72,140.85,57.98,210.9,77.23,281.69,96.49,353.22,115.74,425.49,135.0,498.5
656,1,0,0,6,78.2,424.39,110.76,601.09,143.32,779.91,175.88,960.85,208.44,1143.92,241.0,1329.1
657,1,0,0,6,23.96,98.29,35.27,144.68,46.58,191.32,57.88,238.22,69.19,285.38,80.5,332.79
658,1,0,0,6,97.8,388.17,118.24,469.3,138.68,551.26,159.12,634.06,179.56,717.69,200.0,802.16
659,1,0,0,6,74.98,412.54,99.98,550.11,124.99,688.93,149.99,829.0,175.0,970.32,200.0,1112.9
660,1,0,0,6,98.23,336.67,125.08,428.7,151.94,522.18,178.79,617.1,205.65,713.47,232.5,811.27
661,1,0,0,6,20.0,68.49,41.3,141.42,62.6,215.27,83.9,290.02,105.2,365.68,126.5,442.25
662,1,0,0,6,102.94,391.7,124.15,472.41,145.36,554.02,166.58,636.54,187.79,719.95,209.0,804.26
663,1,0,0,6,20.42,0.0,28.94,0.0,37.45,0.0,45.97,0.0,54.48,0.0,63.0,0.0
664,1,0,0,6,21.59,72.0,51.31,171.12,81.03,272.01,110.76,374.66,140.48,479.08,170.2,585.27
665,1,0,0,6,41.42,207.13,53.38,266.92,65.33,327.0,77.29,387.36,89.24,448.01,101.2,508.94
666,1,0,0,6,11.52,72.56,25.22,158.83,38.91,245.47,52.61,332.49,66.3,419.88,80.0,507.65
667,1,0,0,6,18.23,124.56,28.5,194.76,38.78,265.17,49.05,335.79,59.33,406.63,69.6,477.67
668,1,0,0,6,68.98,445.2,98.08,633.04,127.19,822.57,156.29,1013.8,185.4,1206.72,214.5,1401.34
669,1,0,0,6,19.13,114.58,52.5,314.48,85.88,516.61,119.25,720.96,152.63,927.54,186.0,1136.35
670,1,0,0,6,16.09,103.86,42.77,276.09,69.45,449.74,96.14,624.82,122.82,801.32,149.5,979.24
671,1,0,0,6,38.65,190.66,53.42,263.52,68.19,336.82,82.96,410.56,97.73,484.73,112.5,559.33
672,1,0,0,6,76.16,333.05,94.83,414.68,113.5,497.01,132.16,580.04,150.83,663.77,169.5,748.19
673,1,0,0,6,16.0,58.64,36.8,134.86,57.6,211.96,78.4,289.92,99.2,368.74,120.0,448.43
674,1,0,0,6,58.64,275.55,79.37,372.97,100.1,471.25,120.84,570.39,141.57,670.39,162.3,771.25
675,1,0,0,6,80.49,281.46,104.29,364.69,128.09,449.05,151.9,534.55,175.7,621.18,199.5,708.94
676,1,0,0,6,3.08,2265.48,4.44,2383.06,5.81,2500.67,7.17,2618.31,8.54,2736.0,9.9,2853.72
677,1,0,0,6,73.62,280.0,108.7,413.41,143.77,549.27,178.85,687.6,213.92,828.38,249.0,971.63
678,1,0,0,6,1.48,2128.24,3.16,2274.15,4.85,2420.12,6.53,2566.15,8.22,2712.24,9.9,2858.39
679,1,0,0,6,90.94,379.77,112.15,468.36,133.36,557.84,154.58,648.22,175.79,739.51,197.0,831.69
680,1,0,0,6,38.26,137.58,60.61,217.94,82.96,299.3,105.3,381.66,127.65,465.01,150.0,549.37
681,1,0,0,6,17.98,58.21,29.38,95.13,40.79,132.31,52.19,169.74,63.6,207.44,75.0,245.4
682,1,0,0,6,13.01,33.1,25.41,64.65,37.81,96.5,50.2,128.66,62.6,161.13,75.0,193.91
683,1,0,0,6,49.12,351.42,59.3,424.23,69.47,497.24,79.65,570.46,89.82,643.88,100.0,717.51
684,1,0,0,6,55.67,262.1,74.4,350.26,93.12,439.13,111.85,528.69,130.57,618.96,149.3,709.93
685,1,0,0,6,58.11,86.27,92.49,137.31,126.87,190.71,161.24,246.47,195.62,304.6,230.0,365.09
686,1,0,0,6,28.06,118.32,54.45,229.58,80.84,342.24,107.22,456.29,133.61,571.73,160.0,688.57
687,1,0,0,6,11.99,0.0,15.59,0.0,19.19,0.0,22.8,0.0,26.4,0.0,30.0,0.0
688,1,0,0,6,51.32,285.97,91.06,507.4,130.79,731.98,170.53,959.72,210.26,1190.62,250.0,1424.67
689,1,0,0,6,139.59,804.63,171.67,989.56,203.75,1176.55,235.84,1365.6,267.92,1556.7,300.0,1749.86
690,1,0,0,6,24.19,92.83,49.35,189.39,74.51,287.22,99.68,386.31,124.84,486.67,150.0,588.29
691,1,0,0,6,43.68,236.94,74.84,405.99,106.01,576.99,137.17,749.92,168.34,924.8,199.5,1101.62
692,1,0,0,6,109.37,661.62,147.98,895.16,186.58,1131.68,225.19,1371.18,263.79,1613.67,302.4,1859.13
693,1,0,0,6,123.43,466.09,158.74,599.44,194.06,735.29,229.37,873.63,264.69,1014.47,300.0,1157.79
694,1,0,0,6,149.55,9554.89,220.04,12992.33,290.53,16515.01,361.02,20122.93,431.51,23816.1,502.0,27594.5
695,1,0,0,6,59.76,3872.95,81.21,4957.71,102.66,6048.4,124.1,7145.01,145.55,8247.55,167.0,9356.02
696,1,0,0,6,76.72,5133.73,108.38,6858.97,140.03,8597.05,171.69,10347.97,203.34,12111.71,235.0,13888.29
697,1,0,0,6,386.3,9436.95,469.04,11150.08,551.78,12920.17,634.52,14747.21,717.26,16631.21,800.0,18572.18
698,1,0,0,6,132.07,4054.48,266.66,6717.63,401.24,9461.92,535.83,12287.37,670.41,15193.96,805.0,18181.7
699,1,0,0,6,353.64,8581.86,443.91,10404.64,534.18,12297.83,624.46,14261.43,714.73,16295.43,805.0,18399.85
700,1,0,0,6,110.76,0.0,169.01,0.0,227.26,0.0,285.5,0.0,343.75,0.0,402.0,0.0
701,1,0,0,6,19.66,1382.23,45.13,2109.91,70.6,2840.57,96.06,3574.22,121.53,4310.85,147.0,5050.46
702,1,0,0,6,43.12,2005.83,64.3,2586.46,85.47,3172.16,106.65,3762.92,127.82,4358.74,149.0,4959.63
703,1,0,0,6,23.87,1472.67,48.5,2145.5,73.12,2820.97,97.75,3499.08,122.37,4179.84,147.0,4863.24
704,1,0,0,6,67.63,2729.03,89.5,3331.77,111.38,3935.41,133.25,4539.97,155.13,5145.45,177.0,5751.83
705,1,0,0,6,23.93,1526.29,53.54,2353.32,83.16,3198.03,112.77,4060.43,142.39,4940.5,172.0,5838.25
706,1,0,0,6,55.65,2399.45,75.12,2948.72,94.59,3503.23,114.06,4062.97,133.53,4627.95,153.0,5198.17
707,1,0,0,6,34.42,1821.58,58.14,2505.15,81.85,3193.28,105.57,3885.99,129.28,4583.26,153.0,5285.11
708,1,0,0,6,42.74,1945.5,63.99,2503.4,85.24,3065.67,106.5,3632.32,127.75,4203.34,149.0,4778.74
709,1,0,0,6,44.35,2009.24,65.28,2568.83,86.21,3132.2,107.14,3699.36,128.07,4270.31,149.0,4845.04
710,1,0,0,6,37.49,1427.54,49.99,1903.59,62.49,2380.31,75.0,2857.7,87.5,3335.77,100.0,3814.51
711,1,0,0,6,4.32,16.84,5.46,21.27,6.59,25.71,7.73,30.17,8.86,34.64,10.0,39.12
712,1,0,0,6,97.12,3906.55,129.7,4884.81,162.27,5879.38,194.85,6890.23,227.42,7917.38,260.0,8960.83
713,1,0,0,6,87.1,3650.7,121.68,4707.04,156.26,5780.39,190.84,6870.76,225.42,7978.14,260.0,9102.54
714,1,0,0,6,32.94,1943.44,78.35,3257.88,123.76,4601.54,169.18,5974.42,214.59,7376.52,260.0,8807.83
715,1,0,0,6,42.47,2166.46,85.78,3367.61,129.08,4597.41,172.39,5855.87,215.69,7142.97,259.0,8458.74
716,1,0,0,6,137.74,5157.23,165.99,6006.13,194.24,6864.06,222.5,7731.01,250.75,8606.99,279.0,9492.0
717,1,0,0,6,34.59,2043.1,84.47,3509.86,134.35,4993.25,184.24,6493.27,234.12,8009.94,284.0,9543.24
718,1,0,0,6,40.93,2152.04,97.34,3623.43,153.76,5119.87,210.17,6641.35,266.59,8187.88,323.0,9759.46
719,1,0,0,6,27.05,1620.53,54.64,2408.98,82.23,3206.06,109.82,4011.76,137.41,4826.08,165.0,5649.02
720,1,0,0,6,76.03,2887.97,91.62,3309.86,107.22,3733.69,122.81,4159.44,138.41,4587.12,154.0,5016.73
721,1,0,0,6,18.76,1308.9,45.81,1997.92,72.86,2699.02,99.9,3412.19,126.95,4137.42,154.0,4874.73
722,1,0,0,6,72.17,3154.84,99.74,4010.37,127.3,4873.61,154.87,5744.54,182.43,6623.18,210.0,7509.53
723,1,0,0,6,88.69,0.0,113.55,0.0,138.41,0.0,163.28,0.0,188.14,0.0,213.0,0.0
724,1,0,0,6,53.11,2311.25,84.49,3136.17,115.87,3970.43,147.24,4814.03,178.62,5666.95,210.0,6529.22
725,1,0,0,6,31.88,1861.34,67.7,2923.08,103.53,3993.31,139.35,5072.03,175.18,6159.25,211.0,7254.95
726,1,0,0,6,70.5,3177.68,95.8,3996.67,121.1,4818.76,146.4,5643.95,171.7,6472.22,197.0,7303.59
727,1,0,0,6,77.32,3242.98,101.26,3969.7,125.19,4703.76,149.13,5445.19,173.06,6193.97,197.0,6950.11
728,1,0,0,6,32.29,1732.82,55.43,2385.59,78.57,3047.67,101.72,3719.05,124.86,4399.72,148.0,5089.7
729,1,0,0,6,67.21,2916.29,83.37,3419.78,99.53,3923.62,115.68,4427.79,131.84,4932.32,148.0,5437.18
730,1,0,0,6,39.46,2016.4,61.17,2673.47,82.88,3332.96,104.58,3994.85,126.29,4659.16,148.0,5325.88
731,1,0,0,6,20.01,1468.15,45.61,2294.75,71.21,3133.83,96.8,3985.42,122.4,4849.49,148.0,5726.07
